timestamp,heartrate,steps,calories,gsr,skintemp,airtemp
"2016-05-30 00:00:00",67,0,0.9,6.09E-5,86.9,83.3
"2016-05-30 00:01:00",63,0,0.9,5.54E-5,87.8,84.2
"2016-05-30 00:02:00",69,0,0.9,6.02E-5,87.8,84.2
"2016-05-30 00:03:00",70,0,1,5.07E-5,87.8,84.2
"2016-05-30 00:04:00",60,0,0.9,5.57E-5,87.8,84.2
"2016-05-30 00:05:00",65,0,0.9,5.39E-5,87.8,84.2
"2016-05-30 00:06:00",66,0,0.9,5.13E-5,87.8,84.2
"2016-05-30 00:07:00",68,0,1,5.13E-5,87.8,85.1
"2016-05-30 00:08:00",69,0,0.9,5.13E-5,87.8,85.1
"2016-05-30 00:09:00",64,0,0.9,5.16E-5,88.7,85.1
"2016-05-30 00:10:00",70,0,1.1,5.96E-5,88.7,85.1
"2016-05-30 00:11:00",75,0,1,5.36E-5,88.7,85.1
"2016-05-30 00:12:00",70,0,0.9,6.29E-5,88.7,85.1
"2016-05-30 00:13:00",66,0,0.9,6.54E-5,89.6,86
"2016-05-30 00:14:00",69,0,0.9,6.47E-5,89.6,86
"2016-05-30 00:15:00",66,0,1,6.44E-5,89.6,86
"2016-05-30 00:16:00",68,0,0.9,6.29E-5,89.6,86
"2016-05-30 00:17:00",62,0,0.9,6.16E-5,89.6,86.9
"2016-05-30 00:18:00",59,0,1,6.16E-5,89.6,86
"2016-05-30 00:19:00",59,0,0.9,6.19E-5,89.6,86
"2016-05-30 00:20:00",59,0,0.9,5.99E-5,89.6,86
"2016-05-30 00:21:00",57,0,0.9,5.24E-5,89.6,86
"2016-05-30 00:22:00",58,0,1,5.24E-5,89.6,86
"2016-05-30 00:23:00",57,0,0.9,5.21E-5,89.6,86
"2016-05-30 00:24:00",55,0,0.9,5.21E-5,89.6,86
"2016-05-30 00:25:00",55,0,0.9,5.13E-5,89.6,85.1
"2016-05-30 00:26:00",55,0,1,5.21E-5,89.6,85.1
"2016-05-30 00:27:00",55,0,0.9,5.21E-5,89.6,85.1
"2016-05-30 00:28:00",56,0,0.9,5.16E-5,89.6,85.1
"2016-05-30 00:29:00",56,0,0.9,5.21E-5,89.6,85.1
"2016-05-30 00:30:00",55,0,1,5.21E-5,89.6,85.1
"2016-05-30 00:31:00",55,0,0.9,5.21E-5,89.6,85.1
"2016-05-30 00:32:00",55,0,0.9,5.21E-5,89.6,85.1
"2016-05-30 00:33:00",55,0,0.9,5.21E-5,89.6,85.1
"2016-05-30 00:34:00",55,0,1,5.21E-5,89.6,85.1
"2016-05-30 00:35:00",54,0,0.9,5.24E-5,89.6,86
"2016-05-30 00:36:00",54,0,0.9,5.21E-5,89.6,86
"2016-05-30 00:37:00",55,0,0.9,5.27E-5,89.6,86
"2016-05-30 00:38:00",58,0,1,5.24E-5,89.6,86
"2016-05-30 00:39:00",55,0,0.9,5.54E-5,89.6,86
"2016-05-30 00:40:00",54,0,0.9,5.6E-5,89.6,86
"2016-05-30 00:41:00",53,0,0.9,5.63E-5,89.6,86
"2016-05-30 00:42:00",55,0,1,5.33E-5,89.6,86
"2016-05-30 00:43:00",54,0,0.9,5.42E-5,89.6,86
"2016-05-30 00:44:00",54,0,0.9,5.54E-5,89.6,86
"2016-05-30 00:45:00",54,0,0.9,5.51E-5,89.6,86
"2016-05-30 00:46:00",53,0,1,5.54E-5,89.6,86
"2016-05-30 00:47:00",54,0,0.9,5.24E-5,89.6,86
"2016-05-30 00:48:00",54,0,0.9,5.21E-5,89.6,86
"2016-05-30 00:49:00",53,0,0.9,5.27E-5,89.6,86
"2016-05-30 00:50:00",54,0,1,5.27E-5,89.6,86
"2016-05-30 00:51:00",54,0,0.9,5.24E-5,89.6,86
"2016-05-30 00:52:00",55,0,0.9,5.33E-5,89.6,86
"2016-05-30 00:53:00",55,0,0.9,5.36E-5,89.6,85.1
"2016-05-30 00:54:00",55,0,1,5.33E-5,89.6,86
"2016-05-30 00:55:00",55,0,0.9,5.39E-5,89.6,86
"2016-05-30 00:56:00",55,0,0.9,5.39E-5,89.6,86
"2016-05-30 00:57:00",55,0,0.9,5.36E-5,89.6,86
"2016-05-30 00:58:00",55,0,1,5.42E-5,89.6,86
"2016-05-30 00:59:00",55,0,0.9,5.3E-5,89.6,85.1
"2016-05-30 01:00:00",53,0,0.9,5.42E-5,89.6,86
"2016-05-30 01:01:00",59,0,0.9,5.16E-5,89.6,86
"2016-05-30 01:02:00",56,0,1,6.54E-5,89.6,86
"2016-05-30 01:03:00",57,0,0.9,6.62E-5,89.6,86
"2016-05-30 01:04:00",56,0,0.9,6.54E-5,89.6,86
"2016-05-30 01:05:00",55,0,0.9,6.65E-5,89.6,86
"2016-05-30 01:06:00",54,0,1,6.58E-5,89.6,86
"2016-05-30 01:07:00",56,0,0.9,6.51E-5,89.6,86
"2016-05-30 01:08:00",54,0,0.9,6.36E-5,89.6,86
"2016-05-30 01:09:00",54,0,0.9,6.44E-5,89.6,86
"2016-05-30 01:10:00",55,0,1,6.47E-5,90.5,86
"2016-05-30 01:11:00",54,0,0.9,6.47E-5,90.5,86
"2016-05-30 01:12:00",56,0,0.9,6.51E-5,90.5,86
"2016-05-30 01:13:00",56,0,0.9,6.47E-5,90.5,86
"2016-05-30 01:14:00",56,0,1,6.58E-5,90.5,86
"2016-05-30 01:15:00",55,0,0.9,6.51E-5,90.5,86
"2016-05-30 01:16:00",56,0,0.9,6.51E-5,90.5,86
"2016-05-30 01:17:00",55,0,0.9,6.65E-5,90.5,86
"2016-05-30 01:18:00",56,0,1,6.88E-5,90.5,86
"2016-05-30 01:19:00",55,0,0.9,6.95E-5,90.5,86
"2016-05-30 01:20:00",55,0,0.9,6.99E-5,90.5,86
"2016-05-30 01:21:00",56,0,0.9,7.03E-5,90.5,86
"2016-05-30 01:22:00",56,0,1,7.35E-5,90.5,86
"2016-05-30 01:23:00",55,0,0.9,7.9E-5,90.5,86
"2016-05-30 01:24:00",56,0,0.9,8.3E-5,90.5,86
"2016-05-30 01:25:00",56,0,0.9,8.53E-5,90.5,86.9
"2016-05-30 01:26:00",63,0,1,8.97E-5,90.5,86.9
"2016-05-30 01:27:00",65,0,0.9,7.15E-5,90.5,86.9
"2016-05-30 01:28:00",60,0,0.9,5.6E-5,89.6,86
"2016-05-30 01:29:00",60,0,0.9,5.6E-5,89.6,86
"2016-05-30 01:30:00",62,0,1,5.48E-5,89.6,86
"2016-05-30 01:31:00",63,0,0.9,5.51E-5,89.6,86
"2016-05-30 01:32:00",62,0,0.9,6.09E-5,89.6,86
"2016-05-30 01:33:00",60,0,0.9,7.73E-5,89.6,86
"2016-05-30 01:34:00",59,0,1,7.77E-5,89.6,86
"2016-05-30 01:35:00",60,0,0.9,7.64E-5,89.6,86
"2016-05-30 01:36:00",63,0,0.9,7.47E-5,89.6,86
"2016-05-30 01:37:00",65,0,0.9,7.27E-5,89.6,86
"2016-05-30 01:38:00",64,0,1,7.03E-5,89.6,86
"2016-05-30 01:39:00",62,0,0.9,6.8E-5,89.6,86
"2016-05-30 01:40:00",62,0,0.9,5.99E-5,89.6,86
"2016-05-30 01:41:00",63,0,0.9,6.12E-5,89.6,85.1
"2016-05-30 01:42:00",76,10,1,6.62E-5,89.6,85.1
"2016-05-30 01:43:00",64,0,0.9,5.19E-5,89.6,85.1
"2016-05-30 01:44:00",59,0,0.9,5.13E-5,88.7,85.1
"2016-05-30 01:45:00",59,0,0.9,5.19E-5,88.7,85.1
"2016-05-30 01:46:00",59,0,1,5.21E-5,89.6,86
"2016-05-30 01:47:00",57,0,0.9,5.19E-5,89.6,86
"2016-05-30 01:48:00",56,0,0.9,5.13E-5,89.6,86
"2016-05-30 01:49:00",55,0,0.9,5.13E-5,89.6,86
"2016-05-30 01:50:00",57,0,1,5.21E-5,89.6,86.9
"2016-05-30 01:51:00",55,0,0.9,5.21E-5,89.6,86.9
"2016-05-30 01:52:00",56,0,0.9,5.21E-5,89.6,86.9
"2016-05-30 01:53:00",55,0,0.9,5.19E-5,89.6,86.9
"2016-05-30 01:54:00",56,0,1,5.33E-5,89.6,86.9
"2016-05-30 01:55:00",55,0,0.9,5.24E-5,90.5,86.9
"2016-05-30 01:56:00",55,0,0.9,5.21E-5,90.5,86.9
"2016-05-30 01:57:00",55,0,0.9,5.24E-5,90.5,86.9
"2016-05-30 01:58:00",56,0,1,5.24E-5,90.5,86.9
"2016-05-30 01:59:00",56,0,0.9,5.21E-5,90.5,87.8
"2016-05-30 02:00:00",58,0,0.9,5.21E-5,90.5,87.8
"2016-05-30 02:01:00",61,0,0.9,5.21E-5,90.5,87.8
"2016-05-30 02:02:00",55,0,1,6.09E-5,90.5,86.9
"2016-05-30 02:03:00",56,0,0.9,6.58E-5,90.5,87.8
"2016-05-30 02:04:00",55,0,0.9,6.8E-5,91.4,88.7
"2016-05-30 02:05:00",56,0,0.9,6.95E-5,91.4,88.7
"2016-05-30 02:06:00",55,0,1,7.15E-5,91.4,89.6
"2016-05-30 02:07:00",54,0,0.9,7.27E-5,91.4,89.6
"2016-05-30 02:08:00",55,0,0.9,7.77E-5,92.3,89.6
"2016-05-30 02:09:00",55,0,0.9,7.99E-5,92.3,90.5
"2016-05-30 02:10:00",55,0,1,8.07E-5,92.3,90.5
"2016-05-30 02:11:00",55,0,0.9,8.03E-5,92.3,90.5
"2016-05-30 02:12:00",55,0,0.9,8.07E-5,92.3,90.5
"2016-05-30 02:13:00",55,0,0.9,8.16E-5,92.3,90.5
"2016-05-30 02:14:00",53,0,1,8.16E-5,92.3,90.5
"2016-05-30 02:15:00",55,0,0.9,8.12E-5,92.3,90.5
"2016-05-30 02:16:00",55,0,0.9,8.26E-5,92.3,90.5
"2016-05-30 02:17:00",55,0,0.9,8.44E-5,93.2,91.4
"2016-05-30 02:18:00",54,0,1,8.44E-5,93.2,91.4
"2016-05-30 02:19:00",54,0,0.9,8.39E-5,93.2,91.4
"2016-05-30 02:20:00",54,0,0.9,8.39E-5,93.2,91.4
"2016-05-30 02:21:00",55,0,0.9,8.39E-5,93.2,91.4
"2016-05-30 02:22:00",56,0,1,8.53E-5,93.2,91.4
"2016-05-30 02:23:00",55,0,0.9,8.44E-5,93.2,91.4
"2016-05-30 02:24:00",55,0,0.9,8.49E-5,93.2,91.4
"2016-05-30 02:25:00",54,0,0.9,8.58E-5,93.2,91.4
"2016-05-30 02:26:00",56,0,1,8.58E-5,93.2,91.4
"2016-05-30 02:27:00",54,0,0.9,8.68E-5,93.2,91.4
"2016-05-30 02:28:00",55,0,0.9,8.68E-5,93.2,91.4
"2016-05-30 02:29:00",55,0,0.9,8.82E-5,93.2,91.4
"2016-05-30 02:30:00",55,0,1,9.17E-5,93.2,91.4
"2016-05-30 02:31:00",54,0,0.9,9.59E-5,93.2,91.4
"2016-05-30 02:32:00",56,0,0.9,0.000105,93.2,91.4
"2016-05-30 02:33:00",55,0,0.9,0.000112,93.2,91.4
"2016-05-30 02:34:00",56,0,1,0.000119,93.2,91.4
"2016-05-30 02:35:00",55,0,0.9,0.000123,93.2,92.3
"2016-05-30 02:36:00",54,0,0.9,0.000124,93.2,92.3
"2016-05-30 02:37:00",56,0,0.9,0.000122,93.2,92.3
"2016-05-30 02:38:00",64,0,1,9.02E-5,93.2,92.3
"2016-05-30 02:39:00",55,0,0.9,5.33E-5,93.2,91.4
"2016-05-30 02:40:00",58,0,0.9,5.42E-5,93.2,91.4
"2016-05-30 02:41:00",62,0,0.9,5.3E-5,93.2,90.5
"2016-05-30 02:42:00",63,0,1,5.39E-5,93.2,90.5
"2016-05-30 02:43:00",62,0,0.9,5.39E-5,93.2,90.5
"2016-05-30 02:44:00",63,0,0.9,5.3E-5,92.3,90.5
"2016-05-30 02:45:00",56,0,0.9,0.0001,92.3,90.5
"2016-05-30 02:46:00",58,0,1,0.0001,92.3,90.5
"2016-05-30 02:47:00",60,0,0.9,9.97E-5,92.3,90.5
"2016-05-30 02:48:00",56,0,0.9,9.91E-5,92.3,90.5
"2016-05-30 02:49:00",55,0,0.9,8.68E-5,92.3,90.5
"2016-05-30 02:50:00",61,0,1,7.6E-5,92.3,90.5
"2016-05-30 02:51:00",58,0,0.9,7.68E-5,92.3,90.5
"2016-05-30 02:52:00",61,0,0.9,7.64E-5,92.3,91.4
"2016-05-30 02:53:00",60,0,0.9,7.64E-5,93.2,92.3
"2016-05-30 02:54:00",63,0,1,7.68E-5,93.2,93.2
"2016-05-30 02:55:00",60,0,0.9,7.77E-5,93.2,93.2
"2016-05-30 02:56:00",56,0,0.9,7.9E-5,94.1,93.2
"2016-05-30 02:57:00",54,0,0.9,6.09E-5,94.1,93.2
"2016-05-30 02:58:00",57,0,1,6.54E-5,94.1,92.3
"2016-05-30 02:59:00",56,0,0.9,6.58E-5,93.2,91.4
"2016-05-30 03:00:00",54,0,0.9,6.47E-5,93.2,91.4
"2016-05-30 03:01:00",54,0,0.9,6.47E-5,93.2,90.5
"2016-05-30 03:02:00",54,0,1,6.44E-5,93.2,90.5
"2016-05-30 03:03:00",54,0,0.9,6.47E-5,93.2,90.5
"2016-05-30 03:04:00",55,0,0.9,6.4E-5,92.3,90.5
"2016-05-30 03:05:00",53,0,0.9,6.44E-5,92.3,89.6
"2016-05-30 03:06:00",53,0,1,6.47E-5,92.3,89.6
"2016-05-30 03:07:00",54,0,0.9,6.4E-5,92.3,89.6
"2016-05-30 03:08:00",55,0,0.9,6.4E-5,92.3,89.6
"2016-05-30 03:09:00",53,0,0.9,6.36E-5,92.3,89.6
"2016-05-30 03:10:00",53,0,1,6.44E-5,92.3,89.6
"2016-05-30 03:11:00",54,0,0.9,6.54E-5,92.3,89.6
"2016-05-30 03:12:00",55,0,0.9,6.36E-5,92.3,89.6
"2016-05-30 03:13:00",55,0,0.9,6.47E-5,92.3,89.6
"2016-05-30 03:14:00",55,0,1,6.44E-5,92.3,89.6
"2016-05-30 03:15:00",55,0,0.9,6.44E-5,92.3,89.6
"2016-05-30 03:16:00",55,0,0.9,6.36E-5,92.3,89.6
"2016-05-30 03:17:00",56,0,0.9,6.44E-5,92.3,89.6
"2016-05-30 03:18:00",57,0,1,6.36E-5,92.3,89.6
"2016-05-30 03:19:00",56,0,0.9,6.4E-5,92.3,89.6
"2016-05-30 03:20:00",68,0,0.9,6.47E-5,92.3,89.6
"2016-05-30 03:21:00",55,0,0.9,5.54E-5,91.4,88.7
"2016-05-30 03:22:00",54,0,1,5.73E-5,91.4,88.7
"2016-05-30 03:23:00",55,0,0.9,5.86E-5,91.4,88.7
"2016-05-30 03:24:00",53,0,0.9,5.79E-5,91.4,88.7
"2016-05-30 03:25:00",53,0,0.9,5.83E-5,91.4,88.7
"2016-05-30 03:26:00",52,0,1,5.79E-5,91.4,88.7
"2016-05-30 03:27:00",52,0,0.9,5.79E-5,91.4,88.7
"2016-05-30 03:28:00",54,0,0.9,5.83E-5,91.4,88.7
"2016-05-30 03:29:00",53,0,0.9,5.79E-5,91.4,88.7
"2016-05-30 03:30:00",53,0,1,5.79E-5,91.4,88.7
"2016-05-30 03:31:00",53,0,0.9,5.83E-5,91.4,88.7
"2016-05-30 03:32:00",52,0,0.9,5.83E-5,91.4,88.7
"2016-05-30 03:33:00",53,0,0.9,5.76E-5,91.4,88.7
"2016-05-30 03:34:00",53,0,0.9,5.76E-5,91.4,88.7
"2016-05-30 03:35:00",52,0,1,5.83E-5,91.4,88.7
"2016-05-30 03:36:00",53,0,0.9,5.79E-5,91.4,88.7
"2016-05-30 03:37:00",52,0,0.9,5.86E-5,91.4,88.7
"2016-05-30 03:38:00",53,0,0.9,5.83E-5,91.4,88.7
"2016-05-30 03:39:00",52,0,1,5.83E-5,91.4,88.7
"2016-05-30 03:40:00",52,0,0.9,5.79E-5,91.4,88.7
"2016-05-30 03:41:00",52,0,0.9,5.79E-5,91.4,88.7
"2016-05-30 03:42:00",52,0,0.9,5.76E-5,91.4,88.7
"2016-05-30 03:43:00",52,0,1,5.79E-5,91.4,88.7
"2016-05-30 03:44:00",52,0,0.9,5.79E-5,91.4,88.7
"2016-05-30 03:45:00",52,0,0.9,5.79E-5,91.4,88.7
"2016-05-30 03:46:00",53,0,0.9,5.79E-5,91.4,88.7
"2016-05-30 03:47:00",63,0,1,6.26E-5,91.4,88.7
"2016-05-30 03:48:00",56,0,0.9,5.45E-5,91.4,88.7
"2016-05-30 03:49:00",56,0,0.9,6.02E-5,91.4,89.6
"2016-05-30 03:50:00",57,0,0.9,6.47E-5,91.4,89.6
"2016-05-30 03:51:00",55,0,1,6.58E-5,91.4,89.6
"2016-05-30 03:52:00",56,0,0.9,6.62E-5,92.3,90.5
"2016-05-30 03:53:00",56,0,0.9,6.73E-5,92.3,90.5
"2016-05-30 03:54:00",55,0,0.9,6.69E-5,92.3,90.5
"2016-05-30 03:55:00",55,0,1,6.69E-5,92.3,91.4
"2016-05-30 03:56:00",55,0,0.9,6.84E-5,92.3,91.4
"2016-05-30 03:57:00",55,0,0.9,6.76E-5,93.2,91.4
"2016-05-30 03:58:00",55,0,0.9,6.88E-5,93.2,91.4
"2016-05-30 03:59:00",55,0,1,6.99E-5,93.2,91.4
"2016-05-30 04:00:00",55,0,0.9,6.95E-5,93.2,92.3
"2016-05-30 04:01:00",55,0,0.9,7.07E-5,93.2,92.3
"2016-05-30 04:02:00",54,0,0.9,7.07E-5,93.2,92.3
"2016-05-30 04:03:00",55,0,1,7.19E-5,93.2,92.3
"2016-05-30 04:04:00",57,0,0.9,7.11E-5,94.1,92.3
"2016-05-30 04:05:00",55,0,0.9,6.95E-5,94.1,92.3
"2016-05-30 04:06:00",56,0,0.9,6.95E-5,94.1,92.3
"2016-05-30 04:07:00",56,0,1,6.92E-5,94.1,93.2
"2016-05-30 04:08:00",56,0,0.9,7.03E-5,94.1,93.2
"2016-05-30 04:09:00",56,0,0.9,7.07E-5,94.1,93.2
"2016-05-30 04:10:00",57,0,0.9,7.07E-5,94.1,93.2
"2016-05-30 04:11:00",56,0,1,7.11E-5,94.1,93.2
"2016-05-30 04:12:00",56,0,0.9,7.11E-5,94.1,93.2
"2016-05-30 04:13:00",59,0,0.9,7.11E-5,94.1,93.2
"2016-05-30 04:14:00",73,0,0.9,6.88E-5,94.1,93.2
"2016-05-30 04:15:00",62,0,1,6.33E-5,94.1,92.3
"2016-05-30 04:16:00",60,0,0.9,6.84E-5,94.1,92.3
"2016-05-30 04:17:00",62,0,0.9,6.76E-5,94.1,92.3
"2016-05-30 04:18:00",66,0,0.9,6.73E-5,94.1,92.3
"2016-05-30 04:19:00",67,0,1,6.76E-5,94.1,92.3
"2016-05-30 04:20:00",67,0,0.9,6.73E-5,94.1,92.3
"2016-05-30 04:21:00",64,0,0.9,6.73E-5,94.1,92.3
"2016-05-30 04:22:00",63,0,0.9,6.76E-5,94.1,92.3
"2016-05-30 04:23:00",65,0,1,6.73E-5,94.1,92.3
"2016-05-30 04:24:00",67,0,0.9,6.65E-5,94.1,92.3
"2016-05-30 04:25:00",65,0,0.9,6.69E-5,94.1,92.3
"2016-05-30 04:26:00",66,0,0.9,6.8E-5,93.2,92.3
"2016-05-30 04:27:00",66,0,1,6.76E-5,93.2,92.3
"2016-05-30 04:28:00",63,0,0.9,6.65E-5,93.2,92.3
"2016-05-30 04:29:00",65,0,0.9,6.65E-5,93.2,92.3
"2016-05-30 04:30:00",62,0,0.9,6.62E-5,93.2,92.3
"2016-05-30 04:31:00",64,0,1,6.73E-5,93.2,92.3
"2016-05-30 04:32:00",64,0,0.9,6.65E-5,93.2,92.3
"2016-05-30 04:33:00",63,0,0.9,6.69E-5,93.2,92.3
"2016-05-30 04:34:00",67,0,0.9,6.65E-5,93.2,92.3
"2016-05-30 04:35:00",62,0,1,6.06E-5,93.2,92.3
"2016-05-30 04:36:00",62,0,0.9,5.36E-5,93.2,91.4
"2016-05-30 04:37:00",65,0,0.9,5.3E-5,92.3,90.5
"2016-05-30 04:38:00",63,0,0.9,5.33E-5,92.3,89.6
"2016-05-30 04:39:00",62,0,1,5.33E-5,91.4,88.7
"2016-05-30 04:40:00",62,0,0.9,5.27E-5,91.4,88.7
"2016-05-30 04:41:00",68,0,0.9,5.21E-5,91.4,87.8
"2016-05-30 04:42:00",59,0,0.9,5.48E-5,90.5,87.8
"2016-05-30 04:43:00",61,0,1,6.06E-5,90.5,87.8
"2016-05-30 04:44:00",58,0,0.9,6.19E-5,90.5,86.9
"2016-05-30 04:45:00",57,0,0.9,6.09E-5,90.5,86.9
"2016-05-30 04:46:00",59,0,0.9,6.19E-5,90.5,86.9
"2016-05-30 04:47:00",58,0,1,6.16E-5,90.5,86.9
"2016-05-30 04:48:00",58,0,0.9,6.12E-5,90.5,86.9
"2016-05-30 04:49:00",58,0,0.9,6.16E-5,90.5,86.9
"2016-05-30 04:50:00",56,0,0.9,6.02E-5,90.5,86.9
"2016-05-30 04:51:00",57,0,1,6.09E-5,90.5,86.9
"2016-05-30 04:52:00",55,0,0.9,6.09E-5,90.5,86.9
"2016-05-30 04:53:00",56,0,0.9,6.02E-5,90.5,86
"2016-05-30 04:54:00",57,0,0.9,6.09E-5,90.5,86
"2016-05-30 04:55:00",55,0,1,6.12E-5,90.5,86
"2016-05-30 04:56:00",55,0,0.9,6.06E-5,90.5,86
"2016-05-30 04:57:00",54,0,0.9,6.06E-5,90.5,86
"2016-05-30 04:58:00",54,0,0.9,6.09E-5,90.5,86
"2016-05-30 04:59:00",53,0,1,6.06E-5,90.5,86
"2016-05-30 05:00:00",53,0,0.9,6.09E-5,90.5,86
"2016-05-30 05:01:00",55,0,0.9,6.12E-5,90.5,86
"2016-05-30 05:02:00",54,0,0.9,6.12E-5,90.5,86
"2016-05-30 05:03:00",55,0,1,6.09E-5,90.5,86
"2016-05-30 05:04:00",57,0,0.9,6.06E-5,89.6,86
"2016-05-30 05:05:00",56,0,0.9,6.09E-5,89.6,86
"2016-05-30 05:06:00",56,0,0.9,6.02E-5,89.6,86
"2016-05-30 05:07:00",55,0,1,6.09E-5,89.6,86
"2016-05-30 05:08:00",54,0,0.9,6.09E-5,89.6,86
"2016-05-30 05:09:00",54,0,0.9,6.09E-5,89.6,86
"2016-05-30 05:10:00",52,0,0.9,6.06E-5,89.6,86
"2016-05-30 05:11:00",53,0,1,6.09E-5,89.6,86
"2016-05-30 05:12:00",53,0,0.9,6.06E-5,89.6,86
"2016-05-30 05:13:00",53,0,0.9,6.12E-5,89.6,86
"2016-05-30 05:14:00",53,0,0.9,6.12E-5,89.6,86
"2016-05-30 05:15:00",54,0,1,6.09E-5,89.6,86
"2016-05-30 05:16:00",53,0,0.9,6.09E-5,89.6,86
"2016-05-30 05:17:00",54,0,0.9,6.06E-5,89.6,86
"2016-05-30 05:18:00",54,0,0.9,6.09E-5,89.6,86
"2016-05-30 05:19:00",54,0,1,6.12E-5,89.6,86
"2016-05-30 05:20:00",53,0,0.9,6.06E-5,89.6,86
"2016-05-30 05:21:00",53,0,0.9,6.16E-5,89.6,86
"2016-05-30 05:22:00",53,0,0.9,6.12E-5,89.6,86
"2016-05-30 05:23:00",52,0,1,6.19E-5,89.6,86
"2016-05-30 05:24:00",54,0,0.9,6.12E-5,89.6,86
"2016-05-30 05:25:00",54,0,0.9,6.12E-5,89.6,86
"2016-05-30 05:26:00",53,0,0.9,6.12E-5,89.6,86
"2016-05-30 05:27:00",54,0,1,6.09E-5,89.6,86
"2016-05-30 05:28:00",53,0,0.9,6.16E-5,89.6,86
"2016-05-30 05:29:00",55,0,0.9,6.09E-5,89.6,86
"2016-05-30 05:30:00",53,0,0.9,6.09E-5,89.6,86
"2016-05-30 05:31:00",55,0,1,6.16E-5,89.6,86
"2016-05-30 05:32:00",54,0,0.9,6.06E-5,89.6,86
"2016-05-30 05:33:00",54,0,0.9,6.12E-5,89.6,86
"2016-05-30 05:34:00",53,0,0.9,6.26E-5,89.6,86
"2016-05-30 05:35:00",53,0,1,6.09E-5,89.6,86
"2016-05-30 05:36:00",54,0,0.9,6.12E-5,89.6,86
"2016-05-30 05:37:00",55,0,0.9,6.09E-5,89.6,86
"2016-05-30 05:38:00",54,0,0.9,6.12E-5,89.6,86
"2016-05-30 05:39:00",54,0,1,6.12E-5,89.6,86
"2016-05-30 05:40:00",54,0,0.9,6.16E-5,89.6,86
"2016-05-30 05:41:00",54,0,0.9,6.06E-5,89.6,86
"2016-05-30 05:42:00",56,0,0.9,6.16E-5,89.6,86
"2016-05-30 05:43:00",55,0,1,6.16E-5,89.6,86
"2016-05-30 05:44:00",54,0,0.9,6.12E-5,89.6,86
"2016-05-30 05:45:00",57,0,0.9,6.16E-5,89.6,86
"2016-05-30 05:46:00",55,0,0.9,6.12E-5,89.6,86
"2016-05-30 05:47:00",55,0,1,6.16E-5,89.6,86
"2016-05-30 05:48:00",55,0,0.9,6.16E-5,89.6,86
"2016-05-30 05:49:00",59,0,0.9,6.09E-5,89.6,86
"2016-05-30 05:50:00",73,0,0.9,5.67E-5,89.6,86
"2016-05-30 05:51:00",60,0,1,6.36E-5,89.6,86
"2016-05-30 05:52:00",63,0,0.9,6.73E-5,89.6,86
"2016-05-30 05:53:00",66,0,0.9,6.29E-5,89.6,86
"2016-05-30 05:54:00",59,0,0.9,6.58E-5,90.5,87.8
"2016-05-30 05:55:00",63,0,1,6.51E-5,90.5,89.6
"2016-05-30 05:56:00",63,0,0.9,6.54E-5,91.4,89.6
"2016-05-30 05:57:00",62,0,0.9,6.69E-5,91.4,90.5
"2016-05-30 05:58:00",62,0,0.9,6.73E-5,92.3,90.5
"2016-05-30 05:59:00",61,0,1,6.76E-5,92.3,90.5
"2016-05-30 06:00:00",68,0,0.9,6.8E-5,92.3,90.5
"2016-05-30 06:01:00",64,0,0.9,6.84E-5,92.3,90.5
"2016-05-30 06:02:00",62,0,1,6.84E-5,92.3,90.5
"2016-05-30 06:03:00",64,0,0.9,6.88E-5,92.3,90.5
"2016-05-30 06:04:00",56,0,0.9,6.29E-5,92.3,89.6
"2016-05-30 06:05:00",59,0,1,6.23E-5,92.3,89.6
"2016-05-30 06:06:00",57,0,0.9,6.23E-5,92.3,89.6
"2016-05-30 06:07:00",56,0,0.9,6.23E-5,92.3,89.6
"2016-05-30 06:08:00",57,0,0.9,6.26E-5,92.3,89.6
"2016-05-30 06:09:00",58,0,1,6.26E-5,92.3,90.5
"2016-05-30 06:10:00",57,0,0.9,6.19E-5,92.3,90.5
"2016-05-30 06:11:00",57,0,0.9,6.29E-5,92.3,90.5
"2016-05-30 06:12:00",58,0,0.9,6.29E-5,92.3,90.5
"2016-05-30 06:13:00",70,0,1.1,6.29E-5,92.3,90.5
"2016-05-30 06:14:00",,0,0.9,,,
"2016-05-30 06:15:00",,0,0.9,,,
"2016-05-30 06:16:00",,0,0.9,,,
"2016-05-30 06:17:00",,0,1,,,
"2016-05-30 06:18:00",,0,0.9,,,
"2016-05-30 06:19:00",,0,0.9,,,
"2016-05-30 06:20:00",,0,0.9,,,
"2016-05-30 06:21:00",,0,1,,,
"2016-05-30 06:22:00",,0,0.9,,,
"2016-05-30 06:23:00",,0,0.9,,,
"2016-05-30 06:24:00",72,0,0.7,,,
"2016-05-30 06:25:00",58,0,0.9,5.99E-5,92.3,90.5
"2016-05-30 06:26:00",64,0,0.9,5.92E-5,92.3,90.5
"2016-05-30 06:27:00",58,0,0.9,5.96E-5,92.3,90.5
"2016-05-30 06:28:00",57,0,1,5.99E-5,92.3,90.5
"2016-05-30 06:29:00",56,0,0.9,6.09E-5,92.3,90.5
"2016-05-30 06:30:00",58,0,0.9,6.02E-5,92.3,90.5
"2016-05-30 06:31:00",60,0,0.9,6.09E-5,92.3,90.5
"2016-05-30 06:32:00",60,0,1,6.06E-5,92.3,90.5
"2016-05-30 06:33:00",67,0,0.9,6.12E-5,92.3,90.5
"2016-05-30 06:34:00",59,0,1,5.33E-5,92.3,89.6
"2016-05-30 06:35:00",60,0,0.9,5.3E-5,92.3,89.6
"2016-05-30 06:36:00",62,0,0.9,5.3E-5,91.4,89.6
"2016-05-30 06:37:00",62,0,0.9,5.3E-5,91.4,89.6
"2016-05-30 06:38:00",60,0,1,5.36E-5,91.4,89.6
"2016-05-30 06:39:00",61,0,0.9,5.33E-5,91.4,89.6
"2016-05-30 06:40:00",63,0,0.9,5.39E-5,91.4,89.6
"2016-05-30 06:41:00",63,0,0.9,5.36E-5,91.4,89.6
"2016-05-30 06:42:00",61,0,1,5.27E-5,91.4,89.6
"2016-05-30 06:43:00",60,0,0.9,5.3E-5,91.4,90.5
"2016-05-30 06:44:00",58,0,0.9,5.27E-5,91.4,90.5
"2016-05-30 06:45:00",57,0,0.9,5.27E-5,92.3,90.5
"2016-05-30 06:46:00",56,0,1,5.27E-5,92.3,90.5
"2016-05-30 06:47:00",60,0,0.9,5.3E-5,92.3,90.5
"2016-05-30 06:48:00",59,0,0.9,5.27E-5,92.3,90.5
"2016-05-30 06:49:00",55,0,0.9,5.27E-5,92.3,90.5
"2016-05-30 06:50:00",56,0,1,5.3E-5,92.3,90.5
"2016-05-30 06:51:00",55,0,0.9,5.3E-5,92.3,90.5
"2016-05-30 06:52:00",54,0,0.9,5.27E-5,92.3,90.5
"2016-05-30 06:53:00",58,0,0.9,5.48E-5,92.3,90.5
"2016-05-30 06:54:00",61,0,1,5.51E-5,92.3,90.5
"2016-05-30 06:55:00",66,0,0.9,5.96E-5,92.3,90.5
"2016-05-30 06:56:00",60,0,0.9,6.09E-5,92.3,89.6
"2016-05-30 06:57:00",57,0,1,5.89E-5,92.3,88.7
"2016-05-30 06:58:00",58,0,0.9,5.96E-5,92.3,88.7
"2016-05-30 06:59:00",55,0,0.9,5.99E-5,91.4,87.8
"2016-05-30 07:00:00",57,0,0.9,5.89E-5,91.4,87.8
"2016-05-30 07:01:00",56,0,1,5.96E-5,91.4,86.9
"2016-05-30 07:02:00",56,0,0.9,5.92E-5,90.5,86.9
"2016-05-30 07:03:00",55,0,0.9,5.92E-5,90.5,86.9
"2016-05-30 07:04:00",55,0,0.9,5.86E-5,90.5,86
"2016-05-30 07:05:00",57,0,1,5.86E-5,90.5,86
"2016-05-30 07:06:00",55,0,0.9,5.89E-5,90.5,86
"2016-05-30 07:07:00",57,0,0.9,5.83E-5,90.5,86
"2016-05-30 07:08:00",56,0,0.9,5.83E-5,89.6,86
"2016-05-30 07:09:00",55,0,1,5.79E-5,89.6,86
"2016-05-30 07:10:00",55,0,0.9,5.79E-5,89.6,86
"2016-05-30 07:11:00",56,0,0.9,5.79E-5,89.6,86
"2016-05-30 07:12:00",56,0,0.9,5.79E-5,89.6,86
"2016-05-30 07:13:00",57,0,1,5.79E-5,89.6,86
"2016-05-30 07:14:00",54,0,0.9,5.76E-5,89.6,86
"2016-05-30 07:15:00",56,0,0.9,5.79E-5,89.6,85.1
"2016-05-30 07:16:00",54,0,0.9,5.79E-5,89.6,85.1
"2016-05-30 07:17:00",56,0,1,5.83E-5,89.6,85.1
"2016-05-30 07:18:00",54,0,0.9,5.7E-5,89.6,85.1
"2016-05-30 07:19:00",55,0,0.9,5.83E-5,89.6,85.1
"2016-05-30 07:20:00",54,0,0.9,5.79E-5,89.6,85.1
"2016-05-30 07:21:00",56,0,1,5.83E-5,89.6,85.1
"2016-05-30 07:22:00",55,0,0.9,5.79E-5,89.6,85.1
"2016-05-30 07:23:00",56,0,0.9,5.83E-5,89.6,85.1
"2016-05-30 07:24:00",54,0,0.9,5.86E-5,89.6,85.1
"2016-05-30 07:25:00",56,0,1,5.83E-5,89.6,85.1
"2016-05-30 07:26:00",56,0,0.9,5.76E-5,89.6,85.1
"2016-05-30 07:27:00",56,0,0.9,5.79E-5,89.6,85.1
"2016-05-30 07:28:00",57,0,0.9,5.76E-5,89.6,85.1
"2016-05-30 07:29:00",56,0,0.9,5.83E-5,89.6,85.1
"2016-05-30 07:30:00",56,0,1,5.83E-5,89.6,85.1
"2016-05-30 07:31:00",56,0,0.9,5.89E-5,89.6,85.1
"2016-05-30 07:32:00",58,0,0.9,5.86E-5,89.6,85.1
"2016-05-30 07:33:00",57,0,0.9,5.83E-5,89.6,85.1
"2016-05-30 07:34:00",58,0,1,5.83E-5,89.6,85.1
"2016-05-30 07:35:00",58,0,0.9,5.89E-5,89.6,85.1
"2016-05-30 07:36:00",57,0,0.9,5.86E-5,89.6,85.1
"2016-05-30 07:37:00",57,0,0.9,5.89E-5,89.6,85.1
"2016-05-30 07:38:00",58,0,1,5.86E-5,89.6,85.1
"2016-05-30 07:39:00",58,0,0.9,5.86E-5,89.6,85.1
"2016-05-30 07:40:00",56,0,0.9,5.86E-5,89.6,85.1
"2016-05-30 07:41:00",57,0,0.9,6.02E-5,89.6,85.1
"2016-05-30 07:42:00",59,0,1,6.23E-5,89.6,85.1
"2016-05-30 07:43:00",58,0,0.9,6.23E-5,89.6,85.1
"2016-05-30 07:44:00",68,0,0.9,6.29E-5,89.6,85.1
"2016-05-30 07:45:00",58,0,0.9,6.23E-5,89.6,85.1
"2016-05-30 07:46:00",63,0,1,6.26E-5,89.6,86
"2016-05-30 07:47:00",62,0,0.9,5.99E-5,89.6,86
"2016-05-30 07:48:00",60,0,0.9,6.06E-5,89.6,86
"2016-05-30 07:49:00",62,0,0.9,6.02E-5,89.6,86
"2016-05-30 07:50:00",68,0,1,5.99E-5,90.5,86.9
"2016-05-30 07:51:00",60,0,0.9,5.92E-5,90.5,86
"2016-05-30 07:52:00",61,0,0.9,5.89E-5,90.5,86
"2016-05-30 07:53:00",62,0,0.9,5.96E-5,89.6,86
"2016-05-30 07:54:00",63,0,1,5.86E-5,89.6,86
"2016-05-30 07:55:00",68,0,0.9,5.86E-5,89.6,86
"2016-05-30 07:56:00",63,0,0.9,5.7E-5,89.6,86
"2016-05-30 07:57:00",62,0,0.9,5.48E-5,89.6,86
"2016-05-30 07:58:00",65,0,1,5.51E-5,89.6,85.1
"2016-05-30 07:59:00",63,0,0.9,5.7E-5,89.6,85.1
"2016-05-30 08:00:00",60,0,0.9,5.79E-5,89.6,85.1
"2016-05-30 08:01:00",64,0,0.9,5.7E-5,89.6,85.1
"2016-05-30 08:02:00",73,0,1,5.73E-5,89.6,85.1
"2016-05-30 08:03:00",72,0,0.9,5.79E-5,89.6,85.1
"2016-05-30 08:04:00",77,0,0.9,5.76E-5,89.6,85.1
"2016-05-30 08:05:00",69,0,0.9,5.76E-5,88.7,85.1
"2016-05-30 08:06:00",69,0,1,5.83E-5,88.7,85.1
"2016-05-30 08:07:00",64,0,0.9,5.96E-5,88.7,85.1
"2016-05-30 08:08:00",66,0,0.9,5.42E-5,88.7,85.1
"2016-05-30 08:09:00",66,0,0.9,5.51E-5,89.6,85.1
"2016-05-30 08:10:00",63,0,1,5.36E-5,89.6,85.1
"2016-05-30 08:11:00",61,0,0.9,5.33E-5,89.6,85.1
"2016-05-30 08:12:00",61,0,0.9,5.51E-5,89.6,85.1
"2016-05-30 08:13:00",62,0,0.9,5.76E-5,89.6,85.1
"2016-05-30 08:14:00",62,0,1,5.83E-5,89.6,85.1
"2016-05-30 08:15:00",62,0,0.9,5.86E-5,89.6,85.1
"2016-05-30 08:16:00",63,0,0.9,5.67E-5,89.6,85.1
"2016-05-30 08:17:00",61,0,0.9,5.83E-5,89.6,86
"2016-05-30 08:18:00",60,0,1,5.86E-5,89.6,86
"2016-05-30 08:19:00",60,0,0.9,5.83E-5,89.6,86
"2016-05-30 08:20:00",61,0,0.9,5.7E-5,89.6,86
"2016-05-30 08:21:00",68,0,0.9,5.76E-5,89.6,86
"2016-05-30 08:22:00",68,0,1,5.63E-5,89.6,86
"2016-05-30 08:23:00",68,0,0.9,5.51E-5,89.6,85.1
"2016-05-30 08:24:00",68,0,0.9,5.79E-5,89.6,86
"2016-05-30 08:25:00",61,0,0.9,5.3E-5,89.6,86
"2016-05-30 08:26:00",62,0,1,5.33E-5,89.6,86
"2016-05-30 08:27:00",60,0,0.9,5.45E-5,89.6,86.9
"2016-05-30 08:28:00",62,0,0.9,5.6E-5,90.5,86.9
"2016-05-30 08:29:00",60,0,0.9,5.6E-5,90.5,87.8
"2016-05-30 08:30:00",60,0,1,5.6E-5,90.5,87.8
"2016-05-30 08:31:00",59,0,0.9,5.6E-5,90.5,87.8
"2016-05-30 08:32:00",58,0,0.9,5.6E-5,91.4,87.8
"2016-05-30 08:33:00",60,0,0.9,5.6E-5,91.4,88.7
"2016-05-30 08:34:00",60,0,1,5.63E-5,91.4,88.7
"2016-05-30 08:35:00",60,0,0.9,5.67E-5,91.4,88.7
"2016-05-30 08:36:00",59,0,0.9,5.73E-5,91.4,88.7
"2016-05-30 08:37:00",61,0,0.9,5.73E-5,91.4,88.7
"2016-05-30 08:38:00",59,0,1,5.7E-5,91.4,89.6
"2016-05-30 08:39:00",58,0,0.9,5.83E-5,92.3,89.6
"2016-05-30 08:40:00",59,0,0.9,5.76E-5,92.3,89.6
"2016-05-30 08:41:00",59,0,0.9,5.83E-5,92.3,89.6
"2016-05-30 08:42:00",60,0,1,5.83E-5,92.3,89.6
"2016-05-30 08:43:00",61,0,0.9,5.83E-5,92.3,89.6
"2016-05-30 08:44:00",61,0,0.9,5.86E-5,92.3,90.5
"2016-05-30 08:45:00",61,0,0.9,5.83E-5,92.3,90.5
"2016-05-30 08:46:00",61,0,1,5.83E-5,92.3,90.5
"2016-05-30 08:47:00",61,0,0.9,5.86E-5,92.3,90.5
"2016-05-30 08:48:00",62,0,0.9,5.83E-5,93.2,90.5
"2016-05-30 08:49:00",61,0,0.9,5.89E-5,93.2,90.5
"2016-05-30 08:50:00",62,0,1,5.92E-5,93.2,90.5
"2016-05-30 08:51:00",61,0,0.9,5.89E-5,93.2,90.5
"2016-05-30 08:52:00",61,0,0.9,5.92E-5,93.2,90.5
"2016-05-30 08:53:00",62,0,0.9,5.86E-5,93.2,90.5
"2016-05-30 08:54:00",61,0,1,5.92E-5,93.2,90.5
"2016-05-30 08:55:00",62,0,0.9,5.92E-5,93.2,90.5
"2016-05-30 08:56:00",61,0,0.9,5.92E-5,93.2,90.5
"2016-05-30 08:57:00",60,0,0.9,5.99E-5,93.2,91.4
"2016-05-30 08:58:00",61,0,1,6.02E-5,93.2,91.4
"2016-05-30 08:59:00",62,0,0.9,5.99E-5,93.2,91.4
"2016-05-30 09:00:00",60,0,0.9,6.09E-5,93.2,91.4
"2016-05-30 09:01:00",60,0,0.9,6.09E-5,93.2,91.4
"2016-05-30 09:02:00",64,0,1,6.02E-5,93.2,91.4
"2016-05-30 09:03:00",62,0,0.9,6.09E-5,93.2,91.4
"2016-05-30 09:04:00",62,0,0.9,6.12E-5,94.1,91.4
"2016-05-30 09:05:00",62,0,0.9,6.06E-5,94.1,91.4
"2016-05-30 09:06:00",65,0,1,6.06E-5,94.1,91.4
"2016-05-30 09:07:00",62,0,0.9,6.09E-5,94.1,91.4
"2016-05-30 09:08:00",62,0,0.9,6.16E-5,94.1,92.3
"2016-05-30 09:09:00",78,0,0.9,6.23E-5,94.1,92.3
"2016-05-30 09:10:00",64,0,1,6.76E-5,94.1,91.4
"2016-05-30 09:11:00",60,0,0.9,6.73E-5,94.1,92.3
"2016-05-30 09:12:00",63,0,0.9,6.8E-5,94.1,92.3
"2016-05-30 09:13:00",61,0,0.9,6.88E-5,94.1,92.3
"2016-05-30 09:14:00",69,0,1,6.95E-5,94.1,92.3
"2016-05-30 09:15:00",64,0,0.9,7.31E-5,94.1,92.3
"2016-05-30 09:16:00",65,0,0.9,7.6E-5,94.1,91.4
"2016-05-30 09:17:00",61,0,0.9,9.17E-5,94.1,92.3
"2016-05-30 09:18:00",66,0,1,8.77E-5,94.1,92.3
"2016-05-30 09:19:00",68,0,0.9,8.26E-5,94.1,92.3
"2016-05-30 09:20:00",69,0,0.9,7.73E-5,94.1,92.3
"2016-05-30 09:21:00",69,0,0.9,7.6E-5,94.1,92.3
"2016-05-30 09:22:00",67,0,1,7.35E-5,94.1,92.3
"2016-05-30 09:23:00",68,0,0.9,7.27E-5,94.1,92.3
"2016-05-30 09:24:00",70,0,0.9,7.19E-5,94.1,92.3
"2016-05-30 09:25:00",68,0,0.9,7.23E-5,94.1,92.3
"2016-05-30 09:26:00",71,0,1,7.39E-5,94.1,92.3
"2016-05-30 09:27:00",72,0,0.9,7.31E-5,94.1,92.3
"2016-05-30 09:28:00",73,0,0.9,7.15E-5,94.1,93.2
"2016-05-30 09:29:00",64,0,0.9,7.03E-5,94.1,92.3
"2016-05-30 09:30:00",65,0,1,6.8E-5,94.1,91.4
"2016-05-30 09:31:00",64,0,0.9,6.8E-5,93.2,90.5
"2016-05-30 09:32:00",65,0,0.9,6.58E-5,93.2,89.6
"2016-05-30 09:33:00",60,0,0.9,6.62E-5,93.2,88.7
"2016-05-30 09:34:00",62,0,1,6.62E-5,92.3,88.7
"2016-05-30 09:35:00",64,0,0.9,6.44E-5,92.3,87.8
"2016-05-30 09:36:00",68,0,0.9,6.54E-5,92.3,87.8
"2016-05-30 09:37:00",61,0,0.9,6.44E-5,91.4,87.8
"2016-05-30 09:38:00",59,0,1,6.44E-5,91.4,87.8
"2016-05-30 09:39:00",61,0,0.9,6.36E-5,91.4,86.9
"2016-05-30 09:40:00",62,0,0.9,6.29E-5,90.5,86.9
"2016-05-30 09:41:00",68,0,0.9,6.26E-5,90.5,86.9
"2016-05-30 09:42:00",69,0,1,6.29E-5,90.5,86.9
"2016-05-30 09:43:00",75,0,0.9,6.19E-5,90.5,86
"2016-05-30 09:44:00",74,0,0.9,6.19E-5,90.5,86
"2016-05-30 09:45:00",74,0,0.9,6.16E-5,89.6,86
"2016-05-30 09:46:00",68,0,1,6.16E-5,89.6,86
"2016-05-30 09:47:00",67,0,0.9,6.16E-5,89.6,86
"2016-05-30 09:48:00",68,0,0.9,6.02E-5,89.6,86
"2016-05-30 09:49:00",68,0,0.9,6.12E-5,89.6,86
"2016-05-30 09:50:00",67,0,1,6.12E-5,89.6,85.1
"2016-05-30 09:51:00",68,0,0.9,6.06E-5,89.6,85.1
"2016-05-30 09:52:00",64,0,0.9,6.12E-5,89.6,85.1
"2016-05-30 09:53:00",68,0,0.9,6.06E-5,89.6,85.1
"2016-05-30 09:54:00",67,0,1,6.12E-5,89.6,85.1
"2016-05-30 09:55:00",65,0,0.9,6.16E-5,89.6,85.1
"2016-05-30 09:56:00",64,0,0.9,6.16E-5,89.6,85.1
"2016-05-30 09:57:00",66,0,0.9,6.09E-5,89.6,85.1
"2016-05-30 09:58:00",62,0,1,6.29E-5,89.6,85.1
"2016-05-30 09:59:00",65,0,0.9,6.36E-5,89.6,85.1
"2016-05-30 10:00:00",67,0,0.9,6.54E-5,89.6,85.1
"2016-05-30 10:01:00",62,0,0.9,6.65E-5,90.5,86
"2016-05-30 10:02:00",63,0,1,6.84E-5,90.5,86.9
"2016-05-30 10:03:00",62,0,0.9,7.43E-5,90.5,87.8
"2016-05-30 10:04:00",63,0,0.9,7.64E-5,90.5,88.7
"2016-05-30 10:05:00",63,0,0.9,7.81E-5,91.4,88.7
"2016-05-30 10:06:00",61,0,1,7.94E-5,91.4,89.6
"2016-05-30 10:07:00",61,0,0.9,7.81E-5,91.4,89.6
"2016-05-30 10:08:00",62,0,0.9,7.51E-5,91.4,90.5
"2016-05-30 10:09:00",61,0,0.9,8.07E-5,92.3,90.5
"2016-05-30 10:10:00",62,0,1,8.39E-5,92.3,91.4
"2016-05-30 10:11:00",62,0,0.9,9.02E-5,92.3,91.4
"2016-05-30 10:12:00",62,0,0.9,0.000102,92.3,91.4
"2016-05-30 10:13:00",62,0,0.9,0.000117,93.2,92.3
"2016-05-30 10:14:00",63,0,1,0.000148,93.2,92.3
"2016-05-30 10:15:00",61,0,0.9,0.000155,93.2,92.3
"2016-05-30 10:16:00",63,0,0.9,0.000155,93.2,92.3
"2016-05-30 10:17:00",58,0,0.9,0.00016,93.2,93.2
"2016-05-30 10:18:00",61,0,1,0.000171,94.1,93.2
"2016-05-30 10:19:00",62,0,0.9,0.000202,94.1,93.2
"2016-05-30 10:20:00",63,0,0.9,0.000301,94.1,93.2
"2016-05-30 10:21:00",60,0,0.9,0.000342,94.1,93.2
"2016-05-30 10:22:00",58,0,1,0.000409,94.1,94.1
"2016-05-30 10:23:00",56,0,0.9,0.000513,95,94.1
"2016-05-30 10:24:00",56,0,0.9,0.000516,95,94.1
"2016-05-30 10:25:00",57,0,0.9,0.00053,95,94.1
"2016-05-30 10:26:00",57,0,1,0.000444,95,94.1
"2016-05-30 10:27:00",59,0,0.9,0.000406,95,94.1
"2016-05-30 10:28:00",66,0,0.9,0.000413,95,94.1
"2016-05-30 10:29:00",67,0,0.9,0.00037,95,94.1
"2016-05-30 10:30:00",68,0,1,0.000477,95,94.1
"2016-05-30 10:31:00",74,0,0.9,0.000411,95,94.1
"2016-05-30 10:32:00",65,0,0.9,0.000589,95,94.1
"2016-05-30 10:33:00",61,0,0.9,0.000533,95,94.1
"2016-05-30 10:34:00",62,0,1,0.000437,95,95
"2016-05-30 10:35:00",61,0,0.9,0.00038,95,95
"2016-05-30 10:36:00",69,0,0.9,0.000331,95,95
"2016-05-30 10:37:00",72,0,0.9,0.00014,95,94.1
"2016-05-30 10:38:00",70,0,1,5.96E-5,95,93.2
"2016-05-30 10:39:00",64,0,0.9,0.000134,95,91.4
"2016-05-30 10:40:00",73,0,0.9,0.000125,94.1,90.5
"2016-05-30 10:41:00",68,0,0.9,9.48E-5,94.1,90.5
"2016-05-30 10:42:00",70,0,1,0.000109,93.2,89.6
"2016-05-30 10:43:00",73,0,0.9,7.27E-5,93.2,88.7
"2016-05-30 10:44:00",67,0,0.9,5.63E-5,92.3,88.7
"2016-05-30 10:45:00",98,8,0.9,6.02E-5,92.3,87.8
"2016-05-30 10:46:00",102,0,0.9,7.19E-5,91.4,86.9
"2016-05-30 10:47:00",109,0,0.9,7.19E-5,91.4,86.9
"2016-05-30 10:48:00",106,0,1,7.07E-5,90.5,86.9
"2016-05-30 10:49:00",88,0,0.9,6.19E-5,90.5,86.9
"2016-05-30 10:50:00",69,0,0.9,6.12E-5,89.6,85.1
"2016-05-30 10:51:00",68,0,0.9,6.69E-5,89.6,85.1
"2016-05-30 10:52:00",66,0,1,6.92E-5,88.7,85.1
"2016-05-30 10:53:00",62,0,0.9,6.84E-5,88.7,85.1
"2016-05-30 10:54:00",71,0,0.9,6.69E-5,88.7,85.1
"2016-05-30 10:55:00",81,0,1.1,6.69E-5,88.7,85.1
"2016-05-30 10:56:00",94,0,1.8,6.09E-5,89.6,85.1
"2016-05-30 10:57:00",103,0,3,6.76E-5,89.6,85.1
"2016-05-30 10:58:00",98,0,1.8,5.79E-5,88.7,84.2
"2016-05-30 10:59:00",101,11,2.6,5.27E-5,88.7,84.2
"2016-05-30 11:00:00",91,0,1.5,5.89E-5,88.7,84.2
"2016-05-30 11:01:00",84,0,1.1,6.33E-5,88.7,84.2
"2016-05-30 11:02:00",78,0,1.2,6.06E-5,87.8,84.2
"2016-05-30 11:03:00",90,17,1.3,5.89E-5,87.8,84.2
"2016-05-30 11:04:00",97,81,1.7,6.16E-5,87.8,84.2
"2016-05-30 11:05:00",95,63,1.8,6.12E-5,87.8,84.2
"2016-05-30 11:06:00",108,81,3.4,5.76E-5,87.8,83.3
"2016-05-30 11:07:00",87,0,1.1,5.96E-5,87.8,83.3
"2016-05-30 11:08:00",90,112,1.5,5.83E-5,87.8,84.2
"2016-05-30 11:09:00",97,30,1.7,6.09E-5,87.8,84.2
"2016-05-30 11:10:00",72,0,0.9,6.23E-5,87.8,84.2
"2016-05-30 11:11:00",69,0,0.9,6.47E-5,87.8,84.2
"2016-05-30 11:12:00",70,0,1,6.44E-5,87.8,84.2
"2016-05-30 11:13:00",69,0,0.9,6.19E-5,87.8,84.2
"2016-05-30 11:14:00",70,0,0.9,6.19E-5,87.8,84.2
"2016-05-30 11:15:00",76,0,1,6.26E-5,88.7,85.1
"2016-05-30 11:16:00",85,13,1.4,6.19E-5,88.7,85.1
"2016-05-30 11:17:00",93,87,1.7,6.12E-5,88.7,85.1
"2016-05-30 11:18:00",79,0,1,5.99E-5,88.7,85.1
"2016-05-30 11:19:00",88,16,1.3,5.7E-5,88.7,85.1
"2016-05-30 11:20:00",79,0,1,5.99E-5,88.7,85.1
"2016-05-30 11:21:00",81,0,1.1,5.89E-5,88.7,86
"2016-05-30 11:22:00",91,97,1.5,6.12E-5,88.7,86
"2016-05-30 11:23:00",104,41,2,6.16E-5,89.6,86
"2016-05-30 11:24:00",90,0,1.2,6.06E-5,89.6,86
"2016-05-30 11:25:00",94,0,1.4,6.19E-5,89.6,86
"2016-05-30 11:26:00",90,0,1.3,5.73E-5,89.6,86
"2016-05-30 11:27:00",91,0,1.2,7.99E-5,89.6,85.1
"2016-05-30 11:28:00",93,29,1.7,8.07E-5,89.6,86
"2016-05-30 11:29:00",100,90,2.5,6.8E-5,89.6,86
"2016-05-30 11:30:00",103,111,2.8,8.68E-5,89.6,86
"2016-05-30 11:31:00",102,100,2.4,7.94E-5,89.6,86.9
"2016-05-30 11:32:00",107,108,3.6,0.000104,89.6,86.9
"2016-05-30 11:33:00",108,113,3.7,0.000215,90.5,87.8
"2016-05-30 11:34:00",109,108,3.8,0.00038,90.5,88.7
"2016-05-30 11:35:00",113,112,4.1,0.000402,91.4,88.7
"2016-05-30 11:36:00",107,99,3,0.000376,91.4,88.7
"2016-05-30 11:37:00",108,107,3.3,0.000251,91.4,87.8
"2016-05-30 11:38:00",119,84,4.1,0.000205,91.4,86.9
"2016-05-30 11:39:00",115,109,3.8,0.000131,90.5,85.1
"2016-05-30 11:40:00",102,103,2.3,0.000116,89.6,84.2
"2016-05-30 11:41:00",107,96,3.4,0.000317,89.6,85.1
"2016-05-30 11:42:00",100,0,1.7,0.000331,89.6,85.1
"2016-05-30 11:43:00",98,20,1.4,0.000333,89.6,86
"2016-05-30 11:44:00",95,0,1.4,0.00103,89.6,86.9
"2016-05-30 11:45:00",95,0,1.3,0.00111,89.6,86.9
"2016-05-30 11:46:00",95,0,1.3,0.000195,90.5,87.8
"2016-05-30 11:47:00",101,0,1.6,0.00079,90.5,87.8
"2016-05-30 11:48:00",98,0,1.5,0.000303,90.5,87.8
"2016-05-30 11:49:00",97,0,1.3,0.00122,90.5,87.8
"2016-05-30 11:50:00",96,0,1.4,6.84E-5,90.5,86.9
"2016-05-30 11:51:00",95,0,1.3,6.47E-5,90.5,86.9
"2016-05-30 11:52:00",97,0,1.4,6.33E-5,90.5,86.9
"2016-05-30 11:53:00",99,0,1.5,6.29E-5,90.5,86.9
"2016-05-30 11:54:00",97,10,1.5,0.00021,90.5,86.9
"2016-05-30 11:55:00",90,0,1.4,0.000583,90.5,87.8
"2016-05-30 11:56:00",106,103,3.2,0.000106,90.5,87.8
"2016-05-30 11:57:00",104,0,3,0.000563,90.5,87.8
"2016-05-30 11:58:00",97,77,2,0.00108,90.5,87.8
"2016-05-30 11:59:00",104,96,2.8,0.000533,90.5,87.8
"2016-05-30 12:00:00",106,46,3.3,0.000485,90.5,88.7
"2016-05-30 12:01:00",99,44,2,0.000858,90.5,87.8
"2016-05-30 12:02:00",102,37,2,6.23E-5,90.5,86.9
"2016-05-30 12:03:00",92,0,1.3,5.27E-5,90.5,86
"2016-05-30 12:04:00",92,0,1.4,0.000187,89.6,86
"2016-05-30 12:05:00",95,0,1.5,0.000707,89.6,86
"2016-05-30 12:06:00",101,0,1.9,0.00053,89.6,86
"2016-05-30 12:07:00",97,0,1.6,0.000152,89.6,86
"2016-05-30 12:08:00",96,10,1.5,0.000326,89.6,86
"2016-05-30 12:09:00",94,0,1.4,0.000298,89.6,86
"2016-05-30 12:10:00",93,0,1.2,0.000287,89.6,86
"2016-05-30 12:11:00",92,0,0.9,,,
"2016-05-30 12:12:00",98,0,1.3,0.000137,88.7,84.2
"2016-05-30 12:13:00",103,0,1.9,0.000118,88.7,83.3
"2016-05-30 12:14:00",99,0,1.6,7.47E-5,87.8,82.4
"2016-05-30 12:15:00",96,40,2.1,6.19E-5,87.8,81.5
"2016-05-30 12:16:00",87,78,1.6,7.68E-5,86.9,82.4
"2016-05-30 12:17:00",93,5,1.2,7.81E-5,86.9,82.4
"2016-05-30 12:18:00",93,0,1.3,6.26E-5,86.9,82.4
"2016-05-30 12:19:00",95,0,1.3,5.99E-5,86.9,83.3
"2016-05-30 12:20:00",88,0,1.3,6.69E-5,86.9,83.3
"2016-05-30 12:21:00",88,0,1.3,6.76E-5,87.8,84.2
"2016-05-30 12:22:00",90,39,1.6,6.09E-5,87.8,84.2
"2016-05-30 12:23:00",93,13,1.5,6.76E-5,88.7,83.3
"2016-05-30 12:24:00",90,38,1.6,5.7E-5,87.8,84.2
"2016-05-30 12:25:00",98,61,2.2,6.16E-5,87.8,84.2
"2016-05-30 12:26:00",99,84,2.2,6.26E-5,87.8,84.2
"2016-05-30 12:27:00",103,51,2.6,6.51E-5,88.7,86
"2016-05-30 12:28:00",109,111,3.7,0.000279,88.7,87.8
"2016-05-30 12:29:00",104,107,2.7,0.000232,89.6,87.8
"2016-05-30 12:30:00",103,65,2.4,0.000133,89.6,86.9
"2016-05-30 12:31:00",99,88,2.2,5.6E-5,89.6,86.9
"2016-05-30 12:32:00",99,20,1.9,0.000206,89.6,86.9
"2016-05-30 12:33:00",95,0,1.7,0.000418,89.6,86.9
"2016-05-30 12:34:00",99,27,2,0.000586,90.5,86.9
"2016-05-30 12:35:00",98,11,1.6,0.000756,90.5,86.9
"2016-05-30 12:36:00",93,0,1.3,0.000612,90.5,86.9
"2016-05-30 12:37:00",93,0,1.3,0.000464,90.5,86.9
"2016-05-30 12:38:00",94,29,1.5,6.19E-5,90.5,86.9
"2016-05-30 12:39:00",92,0,1.3,0.00012,90.5,86.9
"2016-05-30 12:40:00",91,0,1.3,0.000199,90.5,86.9
"2016-05-30 12:41:00",95,9,1.8,0.000326,90.5,86.9
"2016-05-30 12:42:00",104,42,2.5,0.000174,90.5,86.9
"2016-05-30 12:43:00",101,9,2,0.000308,90.5,86.9
"2016-05-30 12:44:00",97,0,1.8,0.000692,90.5,86.9
"2016-05-30 12:45:00",99,22,2.3,0.000467,90.5,86.9
"2016-05-30 12:46:00",100,0,2.3,0.000669,90.5,87.8
"2016-05-30 12:47:00",96,0,1.3,0.00157,90.5,86.9
"2016-05-30 12:48:00",98,0,1.8,7.07E-5,90.5,86.9
"2016-05-30 12:49:00",93,0,1.3,8.77E-5,90.5,87.8
"2016-05-30 12:50:00",95,16,1.4,0.000411,90.5,87.8
"2016-05-30 12:51:00",90,17,1.2,0.00368,91.4,87.8
"2016-05-30 12:52:00",92,62,1.7,0.00521,91.4,86.9
"2016-05-30 12:53:00",98,82,2,0.00662,91.4,86.9
"2016-05-30 12:54:00",95,0,1.6,0.00975,90.5,86.9
"2016-05-30 12:55:00",93,0,1.5,0.0137,90.5,87.8
"2016-05-30 12:56:00",94,0,1.6,0.0057,90.5,86.9
"2016-05-30 12:57:00",98,0,1.7,0.000849,90.5,86.9
"2016-05-30 12:58:00",100,0,2,0.0043,90.5,86.9
"2016-05-30 12:59:00",95,0,1.5,0.0162,90.5,87.8
"2016-05-30 13:00:00",88,0,1.2,0.000135,90.5,87.8
"2016-05-30 13:01:00",90,0,1.3,0.0132,91.4,87.8
"2016-05-30 13:02:00",93,0,1.5,0.0134,91.4,87.8
"2016-05-30 13:03:00",91,0,1.2,0.0132,91.4,88.7
"2016-05-30 13:04:00",88,0,1.4,0.00943,91.4,88.7
"2016-05-30 13:05:00",88,0,1.1,0.0109,91.4,88.7
"2016-05-30 13:06:00",90,0,1.3,0.026,91.4,87.8
"2016-05-30 13:07:00",90,0,1.4,0.0158,91.4,87.8
"2016-05-30 13:08:00",97,30,1.9,0.00226,91.4,87.8
"2016-05-30 13:09:00",99,10,1.6,0.00727,91.4,87.8
"2016-05-30 13:10:00",91,0,1.5,0.00199,91.4,87.8
"2016-05-30 13:11:00",88,0,1.2,0.00596,91.4,87.8
"2016-05-30 13:12:00",89,0,1.4,0.00735,91.4,86.9
"2016-05-30 13:13:00",92,0,1.5,0.00346,90.5,86.9
"2016-05-30 13:14:00",90,13,1.5,0.00599,90.5,87.8
"2016-05-30 13:15:00",92,0,1.6,0.00917,91.4,87.8
"2016-05-30 13:16:00",104,0,1.8,0.00586,91.4,87.8
"2016-05-30 13:17:00",97,0,2,0.000464,90.5,86
"2016-05-30 13:18:00",98,0,1.8,0.002,90.5,86
"2016-05-30 13:19:00",91,0,1.4,0.000442,90.5,86.9
"2016-05-30 13:20:00",89,0,1.2,0.00048,90.5,87.8
"2016-05-30 13:21:00",88,22,1.5,0.00254,90.5,87.8
"2016-05-30 13:22:00",95,0,1.5,0.0051,91.4,88.7
"2016-05-30 13:23:00",88,0,1.5,0.00462,91.4,88.7
"2016-05-30 13:24:00",103,0,2.3,0.00337,91.4,88.7
"2016-05-30 13:25:00",89,14,1.5,0.00447,91.4,88.7
"2016-05-30 13:26:00",80,0,1,0.00133,91.4,89.6
"2016-05-30 13:27:00",84,0,1,6.29E-5,91.4,88.7
"2016-05-30 13:28:00",82,0,1.2,0.000144,91.4,88.7
"2016-05-30 13:29:00",82,0,1.1,0.000282,91.4,88.7
"2016-05-30 13:30:00",74,0,0.9,0.000255,91.4,88.7
"2016-05-30 13:31:00",74,0,1,0.000214,91.4,88.7
"2016-05-30 13:32:00",77,0,1,0.000213,92.3,88.7
"2016-05-30 13:33:00",88,0,1.3,0.000172,92.3,88.7
"2016-05-30 13:34:00",80,0,1,0.00016,92.3,88.7
"2016-05-30 13:35:00",81,0,1,0.000126,92.3,88.7
"2016-05-30 13:36:00",72,0,1,0.000186,92.3,88.7
"2016-05-30 13:37:00",85,0,0.7,,,
"2016-05-30 13:38:00",76,0,1,0.000115,91.4,88.7
"2016-05-30 13:39:00",77,0,0.9,0.000108,91.4,88.7
"2016-05-30 13:40:00",71,0,1,0.000107,92.3,88.7
"2016-05-30 13:41:00",73,0,0.9,7.85E-5,92.3,88.7
"2016-05-30 13:42:00",77,0,0.9,5.57E-5,91.4,88.7
"2016-05-30 13:43:00",79,0,1,5.54E-5,91.4,88.7
"2016-05-30 13:44:00",76,0,0.9,6.54E-5,91.4,88.7
"2016-05-30 13:45:00",79,0,1,7.64E-5,91.4,88.7
"2016-05-30 13:46:00",73,0,0.9,8.73E-5,92.3,88.7
"2016-05-30 13:47:00",80,0,1.1,6.8E-5,91.4,88.7
"2016-05-30 13:48:00",81,0,1.1,5.6E-5,91.4,88.7
"2016-05-30 13:49:00",86,0,1.2,5.51E-5,91.4,88.7
"2016-05-30 13:50:00",86,0,1.3,5.39E-5,91.4,88.7
"2016-05-30 13:51:00",89,0,1.5,5.19E-5,91.4,88.7
"2016-05-30 13:52:00",80,0,1.1,5.63E-5,91.4,87.8
"2016-05-30 13:53:00",84,0,1.2,5.51E-5,91.4,87.8
"2016-05-30 13:54:00",94,0,1.5,5.48E-5,91.4,87.8
"2016-05-30 13:55:00",88,0,1.2,5.42E-5,91.4,87.8
"2016-05-30 13:56:00",91,0,1.4,5.51E-5,91.4,87.8
"2016-05-30 13:57:00",82,0,1.3,5.36E-5,91.4,87.8
"2016-05-30 13:58:00",95,0,1.4,5.45E-5,91.4,87.8
"2016-05-30 13:59:00",87,0,1.1,5.73E-5,91.4,87.8
"2016-05-30 14:00:00",85,0,1.2,5.45E-5,91.4,88.7
"2016-05-30 14:01:00",89,0,1.1,5.63E-5,91.4,88.7
"2016-05-30 14:02:00",91,0,1.3,5.73E-5,92.3,88.7
"2016-05-30 14:03:00",91,0,1.2,5.76E-5,92.3,89.6
"2016-05-30 14:04:00",85,0,1.1,6.69E-5,92.3,89.6
"2016-05-30 14:05:00",89,0,1.2,5.39E-5,92.3,89.6
"2016-05-30 14:06:00",89,0,1.2,6.16E-5,92.3,89.6
"2016-05-30 14:07:00",82,0,1.1,0.000137,93.2,90.5
"2016-05-30 14:08:00",85,0,1.1,7.19E-5,92.3,89.6
"2016-05-30 14:09:00",88,0,1.3,5.99E-5,92.3,89.6
"2016-05-30 14:10:00",87,0,1.1,6.12E-5,92.3,89.6
"2016-05-30 14:11:00",88,0,1.2,6.26E-5,92.3,89.6
"2016-05-30 14:12:00",88,0,1.2,6.23E-5,92.3,89.6
"2016-05-30 14:13:00",86,0,1.2,6.29E-5,92.3,89.6
"2016-05-30 14:14:00",87,0,1.2,5.76E-5,92.3,89.6
"2016-05-30 14:15:00",87,0,1.1,6.09E-5,92.3,89.6
"2016-05-30 14:16:00",87,0,1.1,6.54E-5,92.3,89.6
"2016-05-30 14:17:00",90,0,1.2,6.65E-5,92.3,89.6
"2016-05-30 14:18:00",96,0,1.5,6.84E-5,92.3,89.6
"2016-05-30 14:19:00",88,0,1.4,6.76E-5,92.3,89.6
"2016-05-30 14:20:00",89,0,1.2,7.35E-5,92.3,89.6
"2016-05-30 14:21:00",86,0,1,7.68E-5,92.3,88.7
"2016-05-30 14:22:00",86,0,1,7.19E-5,92.3,88.7
"2016-05-30 14:23:00",87,0,1.3,7.35E-5,92.3,88.7
"2016-05-30 14:24:00",88,0,1.3,7.15E-5,92.3,89.6
"2016-05-30 14:25:00",98,12,2.1,7.03E-5,92.3,88.7
"2016-05-30 14:26:00",106,83,3,7.23E-5,92.3,88.7
"2016-05-30 14:27:00",105,107,2.6,8.49E-5,92.3,89.6
"2016-05-30 14:28:00",103,87,2.6,9.59E-5,91.4,88.7
"2016-05-30 14:29:00",100,57,2,7.11E-5,91.4,88.7
"2016-05-30 14:30:00",103,106,2.7,8.44E-5,91.4,88.7
"2016-05-30 14:31:00",102,90,2.6,6.58E-5,91.4,88.7
"2016-05-30 14:32:00",102,90,2.6,6.33E-5,91.4,87.8
"2016-05-30 14:33:00",105,105,3.2,5.79E-5,91.4,87.8
"2016-05-30 14:34:00",109,101,3.7,6.76E-5,91.4,88.7
"2016-05-30 14:35:00",111,105,3.8,6.58E-5,91.4,88.7
"2016-05-30 14:36:00",109,105,3.7,9.27E-5,91.4,88.7
"2016-05-30 14:37:00",105,49,2.9,0.000193,91.4,88.7
"2016-05-30 14:38:00",109,113,3.6,0.000276,91.4,88.7
"2016-05-30 14:39:00",110,105,3.7,0.000444,91.4,88.7
"2016-05-30 14:40:00",111,71,3.9,0.000669,91.4,88.7
"2016-05-30 14:41:00",110,110,3.8,0.0021,91.4,88.7
"2016-05-30 14:42:00",111,107,3.9,0.0104,92.3,89.6
"2016-05-30 14:43:00",108,90,3.4,0.0188,92.3,89.6
"2016-05-30 14:44:00",113,110,4,0.0462,92.3,88.7
"2016-05-30 14:45:00",109,107,3.7,0.0658,92.3,88.7
"2016-05-30 14:46:00",110,107,3.8,0.0882,92.3,89.6
"2016-05-30 14:47:00",112,113,3.9,0.136,92.3,88.7
"2016-05-30 14:48:00",110,114,3.6,0.175,92.3,89.6
"2016-05-30 14:49:00",111,109,3.9,0.12,92.3,88.7
"2016-05-30 14:50:00",112,42,3.9,0.282,92.3,88.7
"2016-05-30 14:51:00",105,69,2.5,0.303,91.4,87.8
"2016-05-30 14:52:00",109,94,3.7,0.619,91.4,87.8
"2016-05-30 14:53:00",109,106,3.6,0.545,91.4,87.8
"2016-05-30 14:54:00",112,104,4,0.98,91.4,87.8
"2016-05-30 14:55:00",108,0,2.8,0.764,91.4,87.8
"2016-05-30 14:56:00",104,43,2.2,1.13,91.4,87.8
"2016-05-30 14:57:00",106,110,2.9,0.821,91.4,88.7
"2016-05-30 14:58:00",109,103,3.4,0.756,91.4,87.8
"2016-05-30 14:59:00",107,69,2.9,0.586,90.5,87.8
"2016-05-30 15:00:00",100,64,2,0.499,91.4,87.8
"2016-05-30 15:01:00",104,27,2.5,0.715,91.4,87.8
"2016-05-30 15:02:00",101,99,2.1,0.764,91.4,87.8
"2016-05-30 15:03:00",106,34,2.2,0.751,91.4,87.8
"2016-05-30 15:04:00",95,0,1.4,0.739,90.5,86.9
"2016-05-30 15:05:00",102,110,2.1,0.599,91.4,86.9
"2016-05-30 15:06:00",100,53,2,0.691,90.5,86.9
"2016-05-30 15:07:00",93,0,1.3,0.665,90.5,86
"2016-05-30 15:08:00",92,0,1.3,0.622,90.5,85.1
"2016-05-30 15:09:00",94,43,1.6,0.76,90.5,85.1
"2016-05-30 15:10:00",101,88,1.9,0.605,89.6,85.1
"2016-05-30 15:11:00",107,23,2.7,0.393,89.6,85.1
"2016-05-30 15:12:00",92,0,1.6,0.288,89.6,84.2
"2016-05-30 15:13:00",78,0,1.1,0.00292,88.7,84.2
"2016-05-30 15:14:00",75,0,0.9,0.000116,88.7,84.2
"2016-05-30 15:15:00",87,0,1.4,0.0303,88.7,84.2
"2016-05-30 15:16:00",86,0,1.4,0.0023,88.7,84.2
"2016-05-30 15:17:00",85,0,1.2,0.00768,88.7,84.2
"2016-05-30 15:18:00",76,0,0.9,0.00158,89.6,84.2
"2016-05-30 15:19:00",74,0,0.9,0.00313,89.6,84.2
"2016-05-30 15:20:00",71,0,1,0.00128,89.6,84.2
"2016-05-30 15:21:00",71,0,0.9,0.00467,89.6,84.2
"2016-05-30 15:22:00",72,0,0.9,0.00352,89.6,84.2
"2016-05-30 15:23:00",71,0,1,0.00251,89.6,84.2
"2016-05-30 15:24:00",75,0,0.9,0.000519,89.6,85.1
"2016-05-30 15:25:00",76,0,0.9,0.000496,89.6,85.1
"2016-05-30 15:26:00",78,0,1,0.00037,89.6,84.2
"2016-05-30 15:27:00",73,0,1,0.000475,89.6,85.1
"2016-05-30 15:28:00",79,0,1.2,0.000413,89.6,84.2
"2016-05-30 15:29:00",79,0,1.1,0.000257,89.6,85.1
"2016-05-30 15:30:00",75,0,0.9,0.00029,89.6,85.1
"2016-05-30 15:31:00",76,0,1,0.000126,90.5,86
"2016-05-30 15:32:00",75,0,1.1,0.000242,90.5,86
"2016-05-30 15:33:00",93,87,1.7,0.000161,90.5,86
"2016-05-30 15:34:00",109,106,3.1,0.000169,90.5,86
"2016-05-30 15:35:00",107,75,2.8,0.000636,90.5,86
"2016-05-30 15:36:00",107,41,1.8,0.0015,90.5,86.9
"2016-05-30 15:37:00",92,35,1.5,0.000411,89.6,86
"2016-05-30 15:38:00",89,0,1.5,0.000232,89.6,85.1
"2016-05-30 15:39:00",100,18,2.1,0.00021,89.6,84.2
"2016-05-30 15:40:00",99,11,2.2,,88.7,84.2
"2016-05-30 15:41:00",86,21,1.3,0.000126,88.7,83.3
"2016-05-30 15:42:00",95,41,1.7,9.38E-5,87.8,83.3
"2016-05-30 15:43:00",90,11,1.3,0.000115,87.8,83.3
"2016-05-30 15:44:00",94,8,1.5,0.000238,88.7,84.2
"2016-05-30 15:45:00",93,16,1.5,0.000799,88.7,85.1
"2016-05-30 15:46:00",93,0,1.2,0.000163,88.7,85.1
"2016-05-30 15:47:00",88,0,1.2,0.000146,88.7,86
"2016-05-30 15:48:00",89,0,1.3,0.000187,89.6,86
"2016-05-30 15:49:00",92,0,1.4,0.000803,89.6,86.9
"2016-05-30 15:50:00",89,0,1.3,0.000969,90.5,86.9
"2016-05-30 15:51:00",93,70,1.8,0.000293,90.5,87.8
"2016-05-30 15:52:00",100,0,1.7,0.00232,90.5,87.8
"2016-05-30 15:53:00",96,0,1.4,0.00018,90.5,87.8
"2016-05-30 15:54:00",94,0,1.5,0.00108,90.5,87.8
"2016-05-30 15:55:00",86,0,1.1,0.000485,90.5,87.8
"2016-05-30 15:56:00",85,0,1,0.00118,90.5,86.9
"2016-05-30 15:57:00",78,0,1,0.000912,90.5,86.9
"2016-05-30 15:58:00",81,0,0.9,0.000853,90.5,86.9
"2016-05-30 15:59:00",82,0,1.1,0.000437,90.5,87.8
"2016-05-30 16:00:00",87,44,1.3,0.0001,90.5,86
"2016-05-30 16:01:00",86,14,1.3,0.000156,90.5,86
"2016-05-30 16:02:00",90,48,1.6,0.000132,89.6,85.1
"2016-05-30 16:03:00",97,25,1.7,9.32E-5,89.6,86
"2016-05-30 16:04:00",92,18,1.4,9.48E-5,89.6,86
"2016-05-30 16:05:00",93,0,1.4,0.000102,89.6,86
"2016-05-30 16:06:00",92,0,1.5,0.000107,89.6,86
"2016-05-30 16:07:00",92,29,1.6,0.000112,89.6,86
"2016-05-30 16:08:00",93,0,1.6,0.000255,89.6,86
"2016-05-30 16:09:00",92,0,1.2,0.00153,89.6,86
"2016-05-30 16:10:00",94,0,1.4,0.00212,89.6,86
"2016-05-30 16:11:00",97,72,1.6,0.00165,89.6,85.1
"2016-05-30 16:12:00",96,60,1.8,0.000425,88.7,84.2
"2016-05-30 16:13:00",94,33,1.6,0.000105,88.7,84.2
"2016-05-30 16:14:00",88,0,1.3,9.75E-5,88.7,85.1
"2016-05-30 16:15:00",90,34,1.3,0.000169,88.7,85.1
"2016-05-30 16:16:00",91,54,1.5,0.000651,88.7,85.1
"2016-05-30 16:17:00",88,84,1.3,0.000756,88.7,85.1
"2016-05-30 16:18:00",90,13,1.5,0.00151,89.6,85.1
"2016-05-30 16:19:00",91,0,1.2,0.000772,89.6,86
"2016-05-30 16:20:00",91,34,1.4,0.00586,89.6,86.9
"2016-05-30 16:21:00",92,10,1.5,0.00542,89.6,86.9
"2016-05-30 16:22:00",95,0,1.6,0.00156,89.6,86.9
"2016-05-30 16:23:00",106,19,2.3,0.00197,89.6,86.9
"2016-05-30 16:24:00",107,0,2.6,0.00199,89.6,86
"2016-05-30 16:25:00",93,14,1.5,0.00189,89.6,86
"2016-05-30 16:26:00",92,20,1.4,0.00138,89.6,86
"2016-05-30 16:27:00",90,78,1.5,0.000287,89.6,86
"2016-05-30 16:28:00",91,1,1.3,0.00109,89.6,86
"2016-05-30 16:29:00",84,0,1.1,0.000651,89.6,86
"2016-05-30 16:30:00",89,0,1.1,0.00194,89.6,86
"2016-05-30 16:31:00",90,0,1.1,0.00157,89.6,86.9
"2016-05-30 16:32:00",88,67,1.5,0.00104,90.5,86.9
"2016-05-30 16:33:00",97,23,1.5,0.000606,90.5,86.9
"2016-05-30 16:34:00",99,0,1.3,0.000253,89.6,86
"2016-05-30 16:35:00",92,0,1.3,0.000126,89.6,85.1
"2016-05-30 16:36:00",87,0,1.2,0.000502,88.7,84.2
"2016-05-30 16:37:00",81,0,1.1,0.000527,88.7,84.2
"2016-05-30 16:38:00",82,0,1.1,0.000826,88.7,83.3
"2016-05-30 16:39:00",80,0,1.1,0.000567,87.8,82.4
"2016-05-30 16:40:00",70,0,0.9,0.000108,87.8,82.4
"2016-05-30 16:41:00",71,0,0.9,0.000144,87.8,81.5
"2016-05-30 16:42:00",72,0,1,0.000122,86.9,81.5
"2016-05-30 16:43:00",91,0,1.3,8.03E-5,86.9,80.6
"2016-05-30 16:44:00",88,0,1.3,5.54E-5,86,80.6
"2016-05-30 16:45:00",73,0,0.7,5.45E-5,85.1,79.7
"2016-05-30 16:46:00",68,0,0.8,,84.2,79.7
"2016-05-30 16:47:00",71,0,0.9,5.76E-5,84.2,79.7
"2016-05-30 16:48:00",74,0,1.1,7.23E-5,85.1,79.7
"2016-05-30 16:49:00",85,24,1.4,5.96E-5,85.1,79.7
"2016-05-30 16:50:00",93,19,1.4,5.07E-5,85.1,79.7
"2016-05-30 16:51:00",85,7,1.2,6.58E-5,85.1,80.6
"2016-05-30 16:52:00",73,38,1.2,6.76E-5,85.1,81.5
"2016-05-30 16:53:00",91,78,1.8,6.47E-5,86,82.4
"2016-05-30 16:54:00",111,114,3.3,6.44E-5,86,83.3
"2016-05-30 16:55:00",111,111,3.2,6.58E-5,86.9,84.2
"2016-05-30 16:56:00",109,106,3,5.24E-5,86.9,84.2
"2016-05-30 16:57:00",106,18,2.8,5.24E-5,87.8,85.1
"2016-05-30 16:58:00",91,86,1.6,5.7E-5,87.8,86
"2016-05-30 16:59:00",92,0,1.4,5.21E-5,88.7,86
"2016-05-30 17:00:00",100,0,1.7,6.92E-5,88.7,86
"2016-05-30 17:01:00",100,0,1.7,7.6E-5,89.6,86
"2016-05-30 17:02:00",106,16,2.8,6.95E-5,89.6,86.9
"2016-05-30 17:03:00",96,0,1.6,7.07E-5,89.6,86
"2016-05-30 17:04:00",89,44,1.5,6.29E-5,89.6,86
"2016-05-30 17:05:00",93,29,1.5,7.07E-5,89.6,86
"2016-05-30 17:06:00",105,53,2.5,6.54E-5,89.6,86
"2016-05-30 17:07:00",100,8,1.8,6.47E-5,89.6,86
"2016-05-30 17:08:00",95,0,1.8,5.99E-5,89.6,86
"2016-05-30 17:09:00",87,0,1.1,6.36E-5,89.6,86
"2016-05-30 17:10:00",88,0,1.2,6.65E-5,89.6,86
"2016-05-30 17:11:00",82,0,1.2,6.58E-5,89.6,86.9
"2016-05-30 17:12:00",83,34,1.2,6.54E-5,90.5,86.9
"2016-05-30 17:13:00",80,0,1.1,6.29E-5,90.5,86.9
"2016-05-30 17:14:00",86,0,1.3,,90.5,86
"2016-05-30 17:15:00",90,61,1.6,7.11E-5,90.5,86
"2016-05-30 17:16:00",92,29,1.3,5.1E-5,89.6,85.1
"2016-05-30 17:17:00",90,0,1.4,5.99E-5,89.6,85.1
"2016-05-30 17:18:00",90,0,1.3,6.65E-5,89.6,85.1
"2016-05-30 17:19:00",84,0,1.1,6.44E-5,88.7,85.1
"2016-05-30 17:20:00",94,0,1.4,6.58E-5,89.6,85.1
"2016-05-30 17:21:00",89,0,1.4,6.58E-5,89.6,85.1
"2016-05-30 17:22:00",84,0,1.2,5.48E-5,89.6,85.1
"2016-05-30 17:23:00",77,0,1.1,6.29E-5,89.6,85.1
"2016-05-30 17:24:00",95,29,1.6,6.51E-5,89.6,86
"2016-05-30 17:25:00",80,0,1,6.51E-5,89.6,85.1
"2016-05-30 17:26:00",73,0,0.9,6.58E-5,89.6,85.1
"2016-05-30 17:27:00",73,0,1,6.88E-5,89.6,85.1
"2016-05-30 17:28:00",74,0,1,6.69E-5,89.6,85.1
"2016-05-30 17:29:00",75,23,1.2,6.92E-5,89.6,85.1
"2016-05-30 17:30:00",87,0,1,6.06E-5,89.6,85.1
"2016-05-30 17:31:00",81,0,1.2,6.26E-5,89.6,86
"2016-05-30 17:32:00",75,0,0.8,,89.6,86
"2016-05-30 17:33:00",84,38,1.3,6.26E-5,89.6,86
"2016-05-30 17:34:00",89,7,1.4,9.43E-5,89.6,86
"2016-05-30 17:35:00",83,0,1.1,8.07E-5,89.6,86
"2016-05-30 17:36:00",95,0,1.3,6.12E-5,89.6,86
"2016-05-30 17:37:00",82,0,1,6.54E-5,89.6,86
"2016-05-30 17:38:00",87,0,1.3,5.67E-5,89.6,86
"2016-05-30 17:39:00",85,8,1.2,5.39E-5,88.7,86
"2016-05-30 17:40:00",83,0,1.1,5.33E-5,88.7,85.1
"2016-05-30 17:41:00",91,0,1.2,5.6E-5,88.7,85.1
"2016-05-30 17:42:00",88,11,1.3,5.92E-5,88.7,85.1
"2016-05-30 17:43:00",85,0,1.2,5.89E-5,88.7,85.1
"2016-05-30 17:44:00",93,48,1.5,6.12E-5,88.7,85.1
"2016-05-30 17:45:00",90,43,1.3,5.99E-5,88.7,84.2
"2016-05-30 17:46:00",77,0,1,6.09E-5,87.8,84.2
"2016-05-30 17:47:00",74,0,0.9,5.42E-5,87.8,85.1
"2016-05-30 17:48:00",78,0,1.1,5.48E-5,87.8,85.1
"2016-05-30 17:49:00",85,29,1.3,6.51E-5,87.8,85.1
"2016-05-30 17:50:00",86,0,1,5.89E-5,88.7,85.1
"2016-05-30 17:51:00",83,0,1,6.36E-5,88.7,85.1
"2016-05-30 17:52:00",80,8,1.1,6.8E-5,88.7,85.1
"2016-05-30 17:53:00",85,36,1.4,6.76E-5,88.7,85.1
"2016-05-30 17:54:00",82,22,1,4.96E-5,88.7,85.1
"2016-05-30 17:55:00",89,66,1.5,5.83E-5,88.7,85.1
"2016-05-30 17:56:00",84,0,1.2,5.67E-5,88.7,85.1
"2016-05-30 17:57:00",83,14,1.2,5.7E-5,88.7,84.2
"2016-05-30 17:58:00",78,0,1,5.3E-5,87.8,84.2
"2016-05-30 17:59:00",94,0,1.6,5.24E-5,87.8,84.2
"2016-05-30 18:00:00",100,0,1.5,5.63E-5,87.8,84.2
"2016-05-30 18:01:00",83,0,1.1,6.29E-5,88.7,85.1
"2016-05-30 18:02:00",84,0,1,6.29E-5,88.7,85.1
"2016-05-30 18:03:00",85,0,1.4,5.67E-5,88.7,85.1
"2016-05-30 18:04:00",80,0,1,4.99E-5,88.7,84.2
"2016-05-30 18:05:00",85,0,1.3,5.92E-5,88.7,84.2
"2016-05-30 18:06:00",85,0,1.2,6.36E-5,88.7,84.2
"2016-05-30 18:07:00",85,0,1.3,5.13E-5,88.7,84.2
"2016-05-30 18:08:00",81,0,1.1,6.29E-5,88.7,84.2
"2016-05-30 18:09:00",81,0,1.3,6.4E-5,88.7,84.2
"2016-05-30 18:10:00",80,0,1.2,6.44E-5,88.7,84.2
"2016-05-30 18:11:00",77,0,1,5.6E-5,88.7,84.2
"2016-05-30 18:12:00",84,9,1.1,6.33E-5,88.7,84.2
"2016-05-30 18:13:00",95,0,1.3,5.19E-5,87.8,83.3
"2016-05-30 18:14:00",94,0,1.4,5.24E-5,86.9,83.3
"2016-05-30 18:15:00",82,0,1.1,5.89E-5,86.9,83.3
"2016-05-30 18:16:00",85,0,1.1,5.6E-5,87.8,83.3
"2016-05-30 18:17:00",84,0,1,5.96E-5,87.8,83.3
"2016-05-30 18:18:00",105,0,2.3,5.76E-5,87.8,82.4
"2016-05-30 18:19:00",95,0,1.5,5.63E-5,86.9,82.4
"2016-05-30 18:20:00",81,35,1.1,5.57E-5,86.9,82.4
"2016-05-30 18:21:00",84,0,1,5.73E-5,86.9,82.4
"2016-05-30 18:22:00",91,0,1.2,5.7E-5,86.9,82.4
"2016-05-30 18:23:00",80,12,1.1,6.54E-5,86.9,82.4
"2016-05-30 18:24:00",88,8,1.3,5.67E-5,86.9,82.4
"2016-05-30 18:25:00",75,15,1,5.19E-5,86.9,82.4
"2016-05-30 18:26:00",81,0,1,4.88E-5,86,82.4
"2016-05-30 18:27:00",87,0,1.3,5.36E-5,86,82.4
"2016-05-30 18:28:00",90,30,1.6,6.02E-5,86,82.4
"2016-05-30 18:29:00",97,74,1.7,6.06E-5,86,82.4
"2016-05-30 18:30:00",108,20,2.7,5.48E-5,86,81.5
"2016-05-30 18:31:00",109,15,3.1,,85.1,81.5
"2016-05-30 18:32:00",109,36,2.6,5.19E-5,85.1,81.5
"2016-05-30 18:33:00",128,45,4.4,,85.1,81.5
"2016-05-30 18:34:00",109,73,3,5.45E-5,85.1,80.6
"2016-05-30 18:35:00",106,31,2.6,5.67E-5,85.1,80.6
"2016-05-30 18:36:00",93,13,1.2,5.76E-5,85.1,81.5
"2016-05-30 18:37:00",96,115,1.6,5.6E-5,85.1,81.5
"2016-05-30 18:38:00",106,61,2.7,5.73E-5,85.1,81.5
"2016-05-30 18:39:00",86,0,1.1,5.89E-5,85.1,81.5
"2016-05-30 18:40:00",86,0,1.1,5.36E-5,85.1,82.4
"2016-05-30 18:41:00",87,0,1.1,5.36E-5,86,82.4
"2016-05-30 18:42:00",90,10,1.5,5.54E-5,86,83.3
"2016-05-30 18:43:00",86,42,1.4,5.51E-5,86.9,83.3
"2016-05-30 18:44:00",102,50,2.3,5.13E-5,86.9,83.3
"2016-05-30 18:45:00",104,93,2.1,,86.9,84.2
"2016-05-30 18:46:00",102,34,2.3,5.73E-5,87.8,84.2
"2016-05-30 18:47:00",107,106,3.1,5.57E-5,86.9,85.1
"2016-05-30 18:48:00",107,19,2.8,5.63E-5,87.8,85.1
"2016-05-30 18:49:00",100,36,1.7,5.54E-5,87.8,84.2
"2016-05-30 18:50:00",108,0,2.7,6.19E-5,87.8,85.1
"2016-05-30 18:51:00",117,0,3.7,6.09E-5,88.7,85.1
"2016-05-30 18:52:00",91,0,1.1,6.02E-5,88.7,86
"2016-05-30 18:53:00",92,0,1.3,5.79E-5,88.7,86
"2016-05-30 18:54:00",86,0,1,5.96E-5,89.6,86
"2016-05-30 18:55:00",87,0,1.1,5.51E-5,89.6,86
"2016-05-30 18:56:00",89,0,1.3,5.99E-5,89.6,86
"2016-05-30 18:57:00",94,0,1.2,5.73E-5,89.6,86
"2016-05-30 18:58:00",87,0,1.2,5.92E-5,89.6,85.1
"2016-05-30 18:59:00",93,9,1.4,5.99E-5,89.6,85.1
"2016-05-30 19:00:00",95,32,1.5,5.73E-5,88.7,86
"2016-05-30 19:01:00",104,114,2.4,5.24E-5,88.7,86
"2016-05-30 19:02:00",117,77,4.1,5.73E-5,89.6,86.9
"2016-05-30 19:03:00",106,73,2.3,5.79E-5,89.6,86
"2016-05-30 19:04:00",104,118,2.1,5.89E-5,89.6,86
"2016-05-30 19:05:00",112,119,3.7,5.83E-5,89.6,85.1
"2016-05-30 19:06:00",121,118,4.5,5.79E-5,88.7,85.1
"2016-05-30 19:07:00",109,113,3.2,5.39E-5,88.7,86
"2016-05-30 19:08:00",112,83,2.8,,,
"2016-05-30 19:09:00",113,106,3.3,5.48E-5,88.7,85.1
"2016-05-30 19:10:00",111,74,3.3,5.24E-5,88.7,85.1
"2016-05-30 19:11:00",110,117,3.7,5.79E-5,88.7,85.1
"2016-05-30 19:12:00",107,29,2.8,6.19E-5,88.7,85.1
"2016-05-30 19:13:00",95,0,1.4,6.02E-5,88.7,85.1
"2016-05-30 19:14:00",106,93,3.1,6.69E-5,88.7,85.1
"2016-05-30 19:15:00",113,13,3.9,,87.8,85.1
"2016-05-30 19:16:00",95,0,1.6,5.79E-5,88.7,85.1
"2016-05-30 19:17:00",93,0,1.4,6.09E-5,88.7,85.1
"2016-05-30 19:18:00",87,0,1,5.24E-5,88.7,85.1
"2016-05-30 19:19:00",87,0,1.1,5.79E-5,88.7,85.1
"2016-05-30 19:20:00",89,0,1.1,5.6E-5,88.7,85.1
"2016-05-30 19:21:00",90,0,1.4,5.24E-5,88.7,85.1
"2016-05-30 19:22:00",94,0,1.2,5.83E-5,88.7,85.1
"2016-05-30 19:23:00",93,0,1.4,5.45E-5,88.7,85.1
"2016-05-30 19:24:00",91,0,1.3,5.79E-5,88.7,85.1
"2016-05-30 19:25:00",86,0,1.1,5.7E-5,89.6,85.1
"2016-05-30 19:26:00",91,0,1.3,5.57E-5,89.6,86
"2016-05-30 19:27:00",88,0,1,5.21E-5,89.6,86
"2016-05-30 19:28:00",87,0,1.1,5.54E-5,89.6,86
"2016-05-30 19:29:00",85,0,1.1,5.57E-5,89.6,86
"2016-05-30 19:30:00",83,0,1.1,6.12E-5,89.6,86
"2016-05-30 19:31:00",81,0,1,5.57E-5,89.6,86.9
"2016-05-30 19:32:00",90,15,1.5,5.73E-5,89.6,86.9
"2016-05-30 19:33:00",97,0,1.9,5.63E-5,90.5,86.9
"2016-05-30 19:34:00",76,0,0.7,5.33E-5,89.6,86
"2016-05-30 19:35:00",81,0,1.1,5.45E-5,89.6,86
"2016-05-30 19:36:00",83,0,1.1,5.76E-5,89.6,86
"2016-05-30 19:37:00",79,0,1,5.51E-5,89.6,85.1
"2016-05-30 19:38:00",86,0,1.3,5.89E-5,89.6,85.1
"2016-05-30 19:39:00",93,0,1.5,5.83E-5,89.6,85.1
"2016-05-30 19:40:00",88,0,1.1,5.89E-5,89.6,85.1
"2016-05-30 19:41:00",81,0,1,5.57E-5,89.6,86
"2016-05-30 19:42:00",87,0,1.2,5.79E-5,89.6,86
"2016-05-30 19:43:00",85,0,1.1,6.06E-5,89.6,86
"2016-05-30 19:44:00",90,0,1.3,5.76E-5,89.6,86
"2016-05-30 19:45:00",93,0,1.2,5.57E-5,89.6,86.9
"2016-05-30 19:46:00",92,0,1.2,5.89E-5,89.6,86.9
"2016-05-30 19:47:00",91,0,1.2,6.33E-5,90.5,86.9
"2016-05-30 19:48:00",91,0,1.2,6.19E-5,90.5,86.9
"2016-05-30 19:49:00",86,0,1.1,6.51E-5,90.5,87.8
"2016-05-30 19:50:00",88,0,1,6.29E-5,90.5,87.8
"2016-05-30 19:51:00",91,0,1.2,6.62E-5,91.4,87.8
"2016-05-30 19:52:00",93,0,1.2,6.95E-5,91.4,87.8
"2016-05-30 19:53:00",89,0,1.1,6.44E-5,91.4,87.8
"2016-05-30 19:54:00",91,0,1.1,6.36E-5,91.4,87.8
"2016-05-30 19:55:00",91,0,0.9,5.86E-5,91.4,87.8
"2016-05-30 19:56:00",96,0,1.5,5.92E-5,91.4,87.8
"2016-05-30 19:57:00",104,0,2.1,6.16E-5,91.4,87.8
"2016-05-30 19:58:00",98,0,1.4,5.76E-5,91.4,86.9
"2016-05-30 19:59:00",98,0,1.4,5.76E-5,90.5,86.9
"2016-05-30 20:00:00",102,0,1.5,6.84E-5,91.4,86.9
"2016-05-30 20:01:00",93,0,1.3,6.73E-5,91.4,86.9
"2016-05-30 20:02:00",97,0,1.4,7.39E-5,90.5,86.9
"2016-05-30 20:03:00",97,0,1.5,7.27E-5,90.5,86.9
"2016-05-30 20:04:00",98,0,1.4,7.81E-5,90.5,86.9
"2016-05-30 20:05:00",91,0,1.2,8.21E-5,90.5,86.9
"2016-05-30 20:06:00",95,0,1.4,0.000102,91.4,87.8
"2016-05-30 20:07:00",119,0,4.2,8.58E-5,91.4,88.7
"2016-05-30 20:08:00",109,0,2.9,9.53E-5,91.4,88.7
"2016-05-30 20:09:00",99,0,1.5,9.75E-5,91.4,87.8
"2016-05-30 20:10:00",103,0,1.8,0.000118,91.4,87.8
"2016-05-30 20:11:00",103,0,1.8,0.000108,91.4,87.8
"2016-05-30 20:12:00",101,0,1.7,0.000213,91.4,87.8
"2016-05-30 20:13:00",99,0,1.4,0.000378,91.4,86.9
"2016-05-30 20:14:00",103,0,1.6,0.000366,91.4,86.9
"2016-05-30 20:15:00",104,0,1.8,0.000298,91.4,86.9
"2016-05-30 20:16:00",102,0,1.6,0.00025,91.4,86.9
"2016-05-30 20:17:00",98,0,1.4,0.00035,91.4,86.9
"2016-05-30 20:18:00",100,0,1.6,0.002,91.4,86.9
"2016-05-30 20:19:00",100,0,1.5,0.000545,91.4,86.9
"2016-05-30 20:20:00",104,0,2.2,0.00108,90.5,86.9
"2016-05-30 20:21:00",99,0,1.6,0.00155,91.4,87.8
"2016-05-30 20:22:00",97,0,1.4,0.00114,91.4,87.8
"2016-05-30 20:23:00",103,0,1.9,0.000459,91.4,87.8
"2016-05-30 20:24:00",111,0,3.3,0.000114,91.4,87.8
"2016-05-30 20:25:00",99,0,1.6,8.3E-5,91.4,87.8
"2016-05-30 20:26:00",104,0,2.2,0.000108,91.4,87.8
"2016-05-30 20:27:00",102,0,1.6,8.53E-5,91.4,87.8
"2016-05-30 20:28:00",105,0,2.2,6.36E-5,91.4,87.8
"2016-05-30 20:29:00",99,0,1.4,0.000127,91.4,87.8
"2016-05-30 20:30:00",99,0,1.4,0.000208,91.4,87.8
"2016-05-30 20:31:00",105,0,2.4,0.000119,91.4,88.7
"2016-05-30 20:32:00",98,0,1.7,9.32E-5,91.4,88.7
"2016-05-30 20:33:00",101,0,1.6,7.03E-5,91.4,87.8
"2016-05-30 20:34:00",98,6,1.7,7.19E-5,91.4,87.8
"2016-05-30 20:35:00",104,0,1.9,6.47E-5,91.4,86.9
"2016-05-30 20:36:00",103,0,1.9,7.85E-5,91.4,86.9
"2016-05-30 20:37:00",98,0,1.5,9.07E-5,91.4,86.9
"2016-05-30 20:38:00",99,0,1.4,6.95E-5,90.5,86.9
"2016-05-30 20:39:00",97,0,1.4,,90.5,86.9
"2016-05-30 20:40:00",99,0,1.4,7.64E-5,90.5,86.9
"2016-05-30 20:41:00",102,0,1.9,5.6E-5,90.5,86.9
"2016-05-30 20:42:00",99,0,1.5,7.6E-5,90.5,86.9
"2016-05-30 20:43:00",105,0,2.6,7.85E-5,90.5,86.9
"2016-05-30 20:44:00",100,0,1.5,5.92E-5,90.5,86
"2016-05-30 20:45:00",98,0,1.6,5.83E-5,89.6,86
"2016-05-30 20:46:00",104,0,1.9,5.19E-5,89.6,85.1
"2016-05-30 20:47:00",95,0,1.2,0.000129,89.6,85.1
"2016-05-30 20:48:00",103,20,2.2,0.000193,89.6,86.9
"2016-05-30 20:49:00",101,0,1.8,0.000153,90.5,86.9
"2016-05-30 20:50:00",99,0,1.5,0.000175,90.5,86.9
"2016-05-30 20:51:00",97,0,1.3,7.35E-5,90.5,86
"2016-05-30 20:52:00",103,0,2,0.000207,90.5,86
"2016-05-30 20:53:00",94,0,1.2,0.000151,90.5,86
"2016-05-30 20:54:00",94,0,1.4,0.000118,90.5,86
"2016-05-30 20:55:00",99,0,1.6,9.32E-5,90.5,86
"2016-05-30 20:56:00",95,0,1.2,6.8E-5,90.5,86
"2016-05-30 20:57:00",94,0,1.4,9.17E-5,90.5,86.9
"2016-05-30 20:58:00",95,0,1.3,7.9E-5,90.5,86.9
"2016-05-30 20:59:00",99,0,1.4,6.51E-5,90.5,86.9
"2016-05-30 21:00:00",101,0,1.4,9.59E-5,90.5,86.9
"2016-05-30 21:01:00",100,0,1.4,8.63E-5,90.5,87.8
"2016-05-30 21:02:00",98,0,1.4,8.63E-5,90.5,87.8
"2016-05-30 21:03:00",102,0,1.9,8.49E-5,90.5,87.8
"2016-05-30 21:04:00",98,0,1.3,8.87E-5,90.5,86.9
"2016-05-30 21:05:00",97,0,1.3,8.39E-5,90.5,86.9
"2016-05-30 21:06:00",99,0,1.7,8.97E-5,90.5,86.9
"2016-05-30 21:07:00",96,0,1.3,9.32E-5,91.4,87.8
"2016-05-30 21:08:00",98,0,1.3,9.02E-5,91.4,86.9
"2016-05-30 21:09:00",97,0,1.4,8.77E-5,90.5,86.9
"2016-05-30 21:10:00",104,0,2.3,9.8E-5,91.4,86.9
"2016-05-30 21:11:00",99,0,1.5,8.58E-5,90.5,86.9
"2016-05-30 21:12:00",95,0,1.2,9.38E-5,90.5,86.9
"2016-05-30 21:13:00",100,0,1.4,9.32E-5,90.5,86.9
"2016-05-30 21:14:00",96,0,1.4,8.73E-5,90.5,87.8
"2016-05-30 21:15:00",95,0,1.4,8.26E-5,90.5,86.9
"2016-05-30 21:16:00",97,0,1.4,9.22E-5,90.5,86.9
"2016-05-30 21:17:00",100,0,1.4,9.43E-5,91.4,86.9
"2016-05-30 21:18:00",97,0,1.4,0.000104,91.4,87.8
"2016-05-30 21:19:00",104,0,1.7,9.32E-5,91.4,87.8
"2016-05-30 21:20:00",102,0,1.9,7.39E-5,91.4,87.8
"2016-05-30 21:21:00",100,0,1.6,9.59E-5,90.5,86.9
"2016-05-30 21:22:00",95,0,1.3,9.38E-5,90.5,86.9
"2016-05-30 21:23:00",93,0,1.3,9.22E-5,90.5,86.9
"2016-05-30 21:24:00",95,0,1.3,8.97E-5,90.5,86.9
"2016-05-30 21:25:00",104,0,2.4,8.87E-5,90.5,86.9
"2016-05-30 21:26:00",95,0,1.4,9.22E-5,90.5,86.9
"2016-05-30 21:27:00",100,0,1.5,8.73E-5,90.5,86.9
"2016-05-30 21:28:00",92,0,1.3,8.49E-5,90.5,86.9
"2016-05-30 21:29:00",97,0,1.5,7.35E-5,89.6,86
"2016-05-30 21:30:00",107,0,2.6,7.77E-5,89.6,86
"2016-05-30 21:31:00",103,0,1.8,7.19E-5,89.6,85.1
"2016-05-30 21:32:00",100,0,1.7,5.3E-5,89.6,85.1
"2016-05-30 21:33:00",101,0,1.7,6.02E-5,88.7,85.1
"2016-05-30 21:34:00",,0,0.7,,,
"2016-05-30 21:35:00",102,0,0.9,,88.7,85.1
"2016-05-30 21:36:00",111,0,2.5,5.63E-5,87.8,84.2
"2016-05-30 21:37:00",117,0,3.8,5.36E-5,88.7,85.1
"2016-05-30 21:38:00",112,11,3.7,7.77E-5,88.7,85.1
"2016-05-30 21:39:00",106,28,2.7,5.24E-5,88.7,85.1
"2016-05-30 21:40:00",106,56,2.7,7.47E-5,88.7,84.2
"2016-05-30 21:41:00",100,102,1.8,6.8E-5,88.7,84.2
"2016-05-30 21:42:00",104,76,2.3,6.99E-5,87.8,82.4
"2016-05-30 21:43:00",112,100,3.7,,87.8,82.4
"2016-05-30 21:44:00",116,88,3.3,4.99E-5,86.9,81.5
"2016-05-30 21:45:00",105,109,2.5,5.67E-5,86,81.5
"2016-05-30 21:46:00",118,96,3.8,5.13E-5,86,80.6
"2016-05-30 21:47:00",113,79,3.7,5.73E-5,86,80.6
"2016-05-30 21:48:00",110,68,3.5,,86,80.6
"2016-05-30 21:49:00",109,91,3.4,5.89E-5,85.1,80.6
"2016-05-30 21:50:00",109,94,3.5,6.29E-5,85.1,79.7
"2016-05-30 21:51:00",105,7,2.6,6.19E-5,85.1,80.6
"2016-05-30 21:52:00",108,0,3.1,6.84E-5,85.1,80.6
"2016-05-30 21:53:00",99,0,1.7,0.000146,86,82.4
"2016-05-30 21:54:00",102,0,1.8,0.000469,86.9,83.3
"2016-05-30 21:55:00",100,0,1.5,0.00019,87.8,84.2
"2016-05-30 21:56:00",97,0,1.4,0.000764,87.8,85.1
"2016-05-30 21:57:00",105,57,2.8,0.000117,88.7,86
"2016-05-30 21:58:00",116,97,3.8,5.16E-5,88.7,86
"2016-05-30 21:59:00",115,114,4.2,5.1E-5,88.7,86
"2016-05-30 22:00:00",115,70,4,5.24E-5,88.7,85.1
"2016-05-30 22:01:00",111,51,3.2,8.68E-5,87.8,85.1
"2016-05-30 22:02:00",106,19,2.5,0.000147,88.7,85.1
"2016-05-30 22:03:00",98,12,1.4,5.48E-5,88.7,85.1
"2016-05-30 22:04:00",106,0,2.5,0.000121,87.8,85.1
"2016-05-30 22:05:00",105,0,2.4,0.000521,88.7,84.2
"2016-05-30 22:06:00",98,0,1.4,0.00048,88.7,84.2
"2016-05-30 22:07:00",94,0,1.3,0.00026,88.7,84.2
"2016-05-30 22:08:00",93,0,1.3,0.000141,88.7,83.3
"2016-05-30 22:09:00",95,0,1.4,4.93E-5,87.8,82.4
"2016-05-30 22:10:00",91,0,1.1,0.000106,87.8,83.3
"2016-05-30 22:11:00",93,0,1.3,0.000101,86.9,82.4
"2016-05-30 22:12:00",104,24,2.7,0.00011,86.9,82.4
"2016-05-30 22:13:00",100,35,1.8,9.48E-5,86.9,82.4
"2016-05-30 22:14:00",113,50,3.5,0.000144,87.8,83.3
"2016-05-30 22:15:00",104,56,2.2,0.000398,87.8,82.4
"2016-05-30 22:16:00",100,48,2.1,0.000301,87.8,82.4
"2016-05-30 22:17:00",115,98,3.8,0.00025,86.9,82.4
"2016-05-30 22:18:00",105,105,2.5,0.000279,86.9,81.5
"2016-05-30 22:19:00",108,110,3.2,0.000139,86.9,81.5
"2016-05-30 22:20:00",111,106,3.3,0.000103,86,81.5
"2016-05-30 22:21:00",113,105,3.8,0.000162,86,82.4
"2016-05-30 22:22:00",112,82,3.5,8.97E-5,86,82.4
"2016-05-30 22:23:00",101,46,2,0.00142,86,82.4
"2016-05-30 22:24:00",112,117,3.5,0.00184,86.9,82.4
"2016-05-30 22:25:00",109,113,3.1,,86.9,82.4
"2016-05-30 22:26:00",115,107,3.5,9.32E-5,86.9,82.4
"2016-05-30 22:27:00",113,121,4,0.000139,86.9,82.4
"2016-05-30 22:28:00",114,92,4,0.000242,86,82.4
"2016-05-30 22:29:00",107,16,2.9,0.00016,86,82.4
"2016-05-30 22:30:00",105,0,2.4,0.000519,86,82.4
"2016-05-30 22:31:00",103,87,2.1,0.00208,86,82.4
"2016-05-30 22:32:00",99,0,1.8,0.00142,86.9,82.4
"2016-05-30 22:33:00",90,0,1.5,0.00206,86.9,83.3
"2016-05-30 22:34:00",96,7,1.6,0.00136,87.8,83.3
"2016-05-30 22:35:00",89,0,1.1,0.0035,87.8,84.2
"2016-05-30 22:36:00",85,0,0.9,0.00251,88.7,84.2
"2016-05-30 22:37:00",88,0,1.2,0.000307,88.7,84.2
"2016-05-30 22:38:00",91,0,1.2,0.00703,88.7,85.1
"2016-05-30 22:39:00",88,0,1,0.00221,89.6,85.1
"2016-05-30 22:40:00",84,8,1.4,0.00319,89.6,85.1
"2016-05-30 22:41:00",99,73,1.8,0.0051,89.6,86
"2016-05-30 22:42:00",97,36,1.5,0.017,89.6,86
"2016-05-30 22:43:00",79,0,0.9,0.0017,89.6,86
"2016-05-30 22:44:00",80,0,1,0.00586,89.6,86
"2016-05-30 22:45:00",80,0,0.9,0.00248,89.6,86
"2016-05-30 22:46:00",77,0,1,0.00176,89.6,86
"2016-05-30 22:47:00",79,0,0.9,0.00114,89.6,86
"2016-05-30 22:48:00",84,0,1.1,0.000772,89.6,86
"2016-05-30 22:49:00",82,0,1,0.00313,89.6,86
"2016-05-30 22:50:00",77,0,0.9,0.000533,89.6,86
"2016-05-30 22:51:00",86,41,1.6,0.000623,89.6,86
"2016-05-30 22:52:00",95,79,1.7,0.00147,89.6,86
"2016-05-30 22:53:00",102,80,2.5,0.00109,89.6,84.2
"2016-05-30 22:54:00",116,105,3.6,5.48E-5,88.7,84.2
"2016-05-30 22:55:00",107,47,2.6,0.000105,88.7,84.2
"2016-05-30 22:56:00",109,115,3.1,0.00012,88.7,84.2
"2016-05-30 22:57:00",116,98,3.7,7.51E-5,87.8,83.3
"2016-05-30 22:58:00",111,118,3.7,,87.8,84.2
"2016-05-30 22:59:00",117,116,4,5.86E-5,86.9,84.2
"2016-05-30 23:00:00",120,96,4,6.76E-5,86.9,84.2
"2016-05-30 23:01:00",118,89,3.3,6.51E-5,87.8,84.2
"2016-05-30 23:02:00",116,119,4.2,,86.9,83.3
"2016-05-30 23:03:00",115,77,4,9.27E-5,86.9,81.5
"2016-05-30 23:04:00",107,13,2.8,5.19E-5,86,80.6
"2016-05-30 23:05:00",102,16,1.9,0.000743,86,80.6
"2016-05-30 23:06:00",97,48,1.5,7.31E-5,86,81.5
"2016-05-30 23:07:00",91,0,1.2,0.000315,86.9,82.4
"2016-05-30 23:08:00",98,66,1.8,0.000216,86,82.4
"2016-05-30 23:09:00",114,48,3.8,0.000232,86.9,82.4
"2016-05-30 23:10:00",101,0,2.3,0.000178,86.9,82.4
"2016-05-30 23:11:00",92,0,1.5,0.000329,86.9,83.3
"2016-05-30 23:12:00",98,0,1.7,0.000557,87.8,84.2
"2016-05-30 23:13:00",92,0,1.4,0.000308,87.8,84.2
"2016-05-30 23:14:00",110,0,2.7,0.00016,88.7,85.1
"2016-05-30 23:15:00",95,0,1.4,0.000139,88.7,85.1
"2016-05-30 23:16:00",101,0,1.8,0.000102,88.7,85.1
"2016-05-30 23:17:00",92,10,1.4,5.51E-5,88.7,86
"2016-05-30 23:18:00",90,0,1.3,5.57E-5,88.7,85.1
"2016-05-30 23:19:00",88,0,1,6.4E-5,88.7,85.1
"2016-05-30 23:20:00",88,0,1,8.35E-5,88.7,86
"2016-05-30 23:21:00",86,0,1.1,5.83E-5,89.6,86.9
"2016-05-30 23:22:00",93,0,1.1,0.000219,89.6,86.9
"2016-05-30 23:23:00",92,0,1.1,0.000195,90.5,86.9
"2016-05-30 23:24:00",89,0,1.1,0.000213,90.5,87.8
"2016-05-30 23:25:00",96,0,1.3,6.29E-5,90.5,87.8
"2016-05-30 23:26:00",91,0,1.2,8.03E-5,90.5,87.8
"2016-05-30 23:27:00",93,0,1.4,0.000122,90.5,87.8
"2016-05-30 23:28:00",100,0,1.2,0.0001,90.5,87.8
"2016-05-30 23:29:00",99,0,1.4,9.32E-5,90.5,87.8
"2016-05-30 23:30:00",104,0,2.1,8.82E-5,90.5,87.8
"2016-05-30 23:31:00",104,0,2,8.73E-5,90.5,87.8
"2016-05-30 23:32:00",98,0,1.4,6.73E-5,90.5,87.8
"2016-05-30 23:33:00",98,0,1.4,7.27E-5,89.6,87.8
"2016-05-30 23:34:00",102,0,2,7.64E-5,90.5,87.8
"2016-05-30 23:35:00",100,0,2.3,7.99E-5,90.5,87.8
"2016-05-30 23:36:00",105,0,2.4,8.16E-5,90.5,87.8
"2016-05-30 23:37:00",103,0,1.9,8.16E-5,90.5,87.8
"2016-05-30 23:38:00",102,0,1.9,7.9E-5,90.5,86.9
"2016-05-30 23:39:00",109,0,2.5,8.49E-5,90.5,87.8
"2016-05-30 23:40:00",100,0,1.8,7.6E-5,90.5,87.8
"2016-05-30 23:41:00",113,0,3.3,8.07E-5,90.5,87.8
"2016-05-30 23:42:00",99,0,1.8,,89.6,87.8
"2016-05-30 23:43:00",114,0,3.5,6.95E-5,90.5,87.8
"2016-05-30 23:44:00",121,0,4.3,6.02E-5,89.6,87.8
"2016-05-30 23:45:00",105,0,2.6,5.33E-5,89.6,87.8
"2016-05-30 23:46:00",99,0,1.8,5.92E-5,89.6,87.8
"2016-05-30 23:47:00",111,0,3.3,6.8E-5,90.5,87.8
"2016-05-30 23:48:00",101,0,1.6,6.65E-5,90.5,87.8
"2016-05-30 23:49:00",97,0,1.6,6.62E-5,90.5,87.8
"2016-05-30 23:50:00",100,0,1.9,5.99E-5,90.5,87.8
"2016-05-30 23:51:00",102,0,1.6,5.45E-5,90.5,87.8
"2016-05-30 23:52:00",111,0,3,0.000133,90.5,87.8
"2016-05-30 23:53:00",104,0,1.9,0.000247,91.4,87.8
"2016-05-30 23:54:00",102,0,2,0.000329,91.4,87.8
"2016-05-30 23:55:00",95,0,1.4,0.000106,91.4,87.8
"2016-05-30 23:56:00",91,0,0.9,0.000153,91.4,87.8
"2016-05-30 23:57:00",85,0,0.8,,91.4,87.8
"2016-05-30 23:58:00",97,0,1.5,5.36E-5,91.4,87.8
"2016-05-30 23:59:00",100,6,1.5,5.3E-5,91.4,87.8
